-- MySQL dump 10.13  Distrib 8.0.15, for Win64 (x86_64)
--
-- Host: localhost    Database: upstandard
-- ------------------------------------------------------
-- Server version	8.0.15

/*!40101 SET @OLD_CHARACTER_SET_CLIENT=@@CHARACTER_SET_CLIENT */;
/*!40101 SET @OLD_CHARACTER_SET_RESULTS=@@CHARACTER_SET_RESULTS */;
/*!40101 SET @OLD_COLLATION_CONNECTION=@@COLLATION_CONNECTION */;
 SET NAMES utf8 ;
/*!40103 SET @OLD_TIME_ZONE=@@TIME_ZONE */;
/*!40103 SET TIME_ZONE='+00:00' */;
/*!40014 SET @OLD_UNIQUE_CHECKS=@@UNIQUE_CHECKS, UNIQUE_CHECKS=0 */;
/*!40014 SET @OLD_FOREIGN_KEY_CHECKS=@@FOREIGN_KEY_CHECKS, FOREIGN_KEY_CHECKS=0 */;
/*!40101 SET @OLD_SQL_MODE=@@SQL_MODE, SQL_MODE='NO_AUTO_VALUE_ON_ZERO' */;
/*!40111 SET @OLD_SQL_NOTES=@@SQL_NOTES, SQL_NOTES=0 */;

--
-- Table structure for table `dev_company`
--

DROP TABLE IF EXISTS `dev_company`;
/*!40101 SET @saved_cs_client     = @@character_set_client */;
 SET character_set_client = utf8mb4 ;
CREATE TABLE `dev_company` (
  `company_id` int(11) NOT NULL AUTO_INCREMENT COMMENT 'å…¬å¸ä¸»é”®ID',
  `com_name` varchar(100) CHARACTER SET utf8 COLLATE utf8_general_ci NOT NULL COMMENT 'å…¬å¸åç§°',
  `create_time` datetime DEFAULT NULL COMMENT 'åˆ›å»ºæ—¶é—´',
  `com_address` varchar(200) DEFAULT NULL COMMENT 'å…¬å¸åœ°å€',
  `com_type` char(1) CHARACTER SET utf8 COLLATE utf8_general_ci DEFAULT '0' COMMENT 'å…¬å¸ç±»å‹',
  `com_logo` varchar(100) CHARACTER SET utf8 COLLATE utf8_general_ci DEFAULT NULL COMMENT 'å…¬å¸logo',
  `com_picture` varchar(1000) DEFAULT NULL COMMENT 'å…¬å¸è½®æ’­å›¾ç‰‡',
  `industry` int(11) DEFAULT NULL COMMENT 'å…¬å¸æ‰€å±è¡Œä¸š',
  `total_iso` varchar(45) DEFAULT NULL,
  `sign` int(11) DEFAULT '0' COMMENT 'æ ‡è®°å…¬å¸ç­‰çº§ 0ã€æ™®é€š 1ã€VIP',
  `file_size` bigint(20) DEFAULT '0' COMMENT 'æ€»æ–‡ä»¶å¤§å°',
  `login_number` varchar(125) DEFAULT NULL COMMENT 'ç™»å½•è´¦å·',
  `login_password` varchar(50) DEFAULT '123456' COMMENT 'ç™»å½•å¯†ç ',
  PRIMARY KEY (`company_id`),
  UNIQUE KEY `name_uindex` (`com_name`),
  KEY `type_index` (`com_type`)
) ENGINE=InnoDB AUTO_INCREMENT=2 DEFAULT CHARSET=utf8 COMMENT='å…¬å¸ä¿¡æ¯';
/*!40101 SET character_set_client = @saved_cs_client */;

--
-- Dumping data for table `dev_company`
--

LOCK TABLES `dev_company` WRITE;
/*!40000 ALTER TABLE `dev_company` DISABLE KEYS */;
INSERT INTO `dev_company` VALUES (1,'èšç‰¹æ˜“','2019-04-08 00:00:00','å®å®‰','1','http://172.16.31.184:8080/profile/iso4_88/170b63aa0f84fe3f6a5ed76c245321ee.jpg','[\"http://172.16.31.184:88/profile/sop1/eb48cc82d8561be92ce34398863e7ad1.jpg\",\"http://172.16.31.184:88/profile/sop1/7640c92ce5181a1fba1f7bf4a23dcf96.jpg\"]',NULL,NULL,0,0,'JTY','123456');
/*!40000 ALTER TABLE `dev_company` ENABLE KEYS */;
UNLOCK TABLES;

--
-- Table structure for table `dev_data_log`
--

DROP TABLE IF EXISTS `dev_data_log`;
/*!40101 SET @saved_cs_client     = @@character_set_client */;
 SET character_set_client = utf8mb4 ;
CREATE TABLE `dev_data_log` (
  `id` int(11) NOT NULL AUTO_INCREMENT,
  `company_id` int(11) DEFAULT NULL,
  `line_id` int(11) DEFAULT NULL,
  `work_id` int(11) DEFAULT NULL,
  `dev_id` int(11) DEFAULT NULL,
  `io_id` int(11) DEFAULT NULL,
  `io_order` int(11) DEFAULT NULL,
  `data_total` int(11) DEFAULT NULL,
  `create_date` date DEFAULT NULL,
  `create_time` datetime DEFAULT NULL,
  `del_data` int(11) DEFAULT '0',
  `sc_type` int(11) DEFAULT NULL COMMENT 'è½¦é—´æˆ–è€…æµæ°´çº¿æ ‡è®°(0ã€æµæ°´çº¿ï¼Œ1ã€è½¦é—´)',
  PRIMARY KEY (`id`),
  KEY `line_word_dev_io` (`line_id`,`work_id`,`dev_id`,`io_id`)
) ENGINE=InnoDB DEFAULT CHARSET=utf8 COMMENT='æ•°æ®ä¸ŠæŠ¥æ—¥å¿—';
/*!40101 SET character_set_client = @saved_cs_client */;

--
-- Dumping data for table `dev_data_log`
--

LOCK TABLES `dev_data_log` WRITE;
/*!40000 ALTER TABLE `dev_data_log` DISABLE KEYS */;
/*!40000 ALTER TABLE `dev_data_log` ENABLE KEYS */;
UNLOCK TABLES;

--
-- Table structure for table `dev_device`
--

DROP TABLE IF EXISTS `dev_device`;
/*!40101 SET @saved_cs_client     = @@character_set_client */;
 SET character_set_client = utf8mb4 ;
CREATE TABLE `dev_device` (
  `id` int(11) NOT NULL AUTO_INCREMENT COMMENT 'ä¸»é”®ID',
  `iemi` varchar(50) NOT NULL COMMENT 'iemiç¼–ç ',
  `uploadtime` varchar(11) NOT NULL COMMENT 'ä¸ŠæŠ¥æ•°æ®é—´éš”æ—¶é—´ç§’',
  `name` varchar(50) NOT NULL COMMENT 'è®¾å¤‡åç§°',
  `note` varchar(255) DEFAULT NULL COMMENT 'è®¾å¤‡æè¿°',
  `code` varchar(64) NOT NULL COMMENT 'å”¯ä¸€ç¼–ç ',
  `first_time` date DEFAULT NULL COMMENT 'é¦–æ¬¡ä¸ŠæŠ¥',
  `last_time` date DEFAULT NULL COMMENT 'æœ€åä¸€æ¬¡ä¸ŠæŠ¥',
  `state` int(10) unsigned DEFAULT NULL COMMENT 'è®¾å¤‡çŠ¶æ€',
  PRIMARY KEY (`id`)
) ENGINE=InnoDB DEFAULT CHARSET=utf8 COMMENT='è®¾å¤‡ä¿¡æ¯è¡¨';
/*!40101 SET character_set_client = @saved_cs_client */;

--
-- Dumping data for table `dev_device`
--

LOCK TABLES `dev_device` WRITE;
/*!40000 ALTER TABLE `dev_device` DISABLE KEYS */;
/*!40000 ALTER TABLE `dev_device` ENABLE KEYS */;
UNLOCK TABLES;

--
-- Table structure for table `dev_device_counts`
--

DROP TABLE IF EXISTS `dev_device_counts`;
/*!40101 SET @saved_cs_client     = @@character_set_client */;
 SET character_set_client = utf8mb4 ;
CREATE TABLE `dev_device_counts` (
  `id` bigint(20) NOT NULL AUTO_INCREMENT COMMENT 'ä¸»é”®ID',
  `iemi` varchar(50) DEFAULT NULL COMMENT 'è®¾å¤‡ID',
  `ioname` varchar(10) DEFAULT NULL COMMENT 'ioå£',
  `counts` int(11) DEFAULT NULL COMMENT 'å½“å‰æ€»æ•°',
  `create_time` datetime DEFAULT NULL COMMENT 'ä¸ŠæŠ¥æ—¶é—´',
  PRIMARY KEY (`id`)
) ENGINE=InnoDB DEFAULT CHARSET=utf8 COMMENT='IOä¸ŠæŠ¥æ•°æ®è¡¨';
/*!40101 SET character_set_client = @saved_cs_client */;

--
-- Dumping data for table `dev_device_counts`
--

LOCK TABLES `dev_device_counts` WRITE;
/*!40000 ALTER TABLE `dev_device_counts` DISABLE KEYS */;
/*!40000 ALTER TABLE `dev_device_counts` ENABLE KEYS */;
UNLOCK TABLES;

--
-- Table structure for table `dev_device_io`
--

DROP TABLE IF EXISTS `dev_device_io`;
/*!40101 SET @saved_cs_client     = @@character_set_client */;
 SET character_set_client = utf8mb4 ;
CREATE TABLE `dev_device_io` (
  `id` int(11) NOT NULL AUTO_INCREMENT COMMENT 'ä¸»é”®ID',
  `dev_id` int(11) DEFAULT NULL COMMENT 'è®¾å¤‡id',
  `ioname` varchar(16) DEFAULT NULL COMMENT 'IOåç§°',
  `ioposition` int(11) DEFAULT NULL COMMENT 'IOå¯¹åº”å€¼çš„ä½ç½®',
  `note` varchar(255) DEFAULT NULL COMMENT 'IOç”¨é€”æè¿°',
  `create_time` date DEFAULT NULL COMMENT 'åˆ›å»ºæ—¶é—´',
  PRIMARY KEY (`id`)
) ENGINE=InnoDB DEFAULT CHARSET=utf8 COMMENT='è®¾å¤‡IOè¡¨';
/*!40101 SET character_set_client = @saved_cs_client */;

--
-- Dumping data for table `dev_device_io`
--

LOCK TABLES `dev_device_io` WRITE;
/*!40000 ALTER TABLE `dev_device_io` DISABLE KEYS */;
/*!40000 ALTER TABLE `dev_device_io` ENABLE KEYS */;
UNLOCK TABLES;

--
-- Table structure for table `dev_io`
--

DROP TABLE IF EXISTS `dev_io`;
/*!40101 SET @saved_cs_client     = @@character_set_client */;
 SET character_set_client = utf8mb4 ;
CREATE TABLE `dev_io` (
  `id` int(11) NOT NULL AUTO_INCREMENT,
  `dev_id` int(11) DEFAULT NULL,
  `io_order` int(11) DEFAULT NULL,
  `io_name` varchar(45) DEFAULT NULL,
  `line_id` int(11) DEFAULT '0',
  `is_sign` int(11) DEFAULT '0',
  `remark` text,
  `create_time` datetime DEFAULT NULL,
  PRIMARY KEY (`id`)
) ENGINE=InnoDB DEFAULT CHARSET=utf8 COMMENT='ç¡¬ä»¶IOå£é…ç½®';
/*!40101 SET character_set_client = @saved_cs_client */;

--
-- Dumping data for table `dev_io`
--

LOCK TABLES `dev_io` WRITE;
/*!40000 ALTER TABLE `dev_io` DISABLE KEYS */;
/*!40000 ALTER TABLE `dev_io` ENABLE KEYS */;
UNLOCK TABLES;

--
-- Table structure for table `dev_list`
--

DROP TABLE IF EXISTS `dev_list`;
/*!40101 SET @saved_cs_client     = @@character_set_client */;
 SET character_set_client = utf8mb4 ;
CREATE TABLE `dev_list` (
  `id` int(11) NOT NULL AUTO_INCREMENT,
  `device_id` varchar(12) DEFAULT NULL,
  `device_status` int(11) DEFAULT '1',
  `device_name` varchar(45) DEFAULT NULL,
  `dev_model_id` int(11) DEFAULT NULL,
  `device_upload_time` int(11) DEFAULT '15',
  `company_id` int(11) DEFAULT '0',
  `remark` text,
  `def_id` int(11) DEFAULT '0',
  `config_date` datetime DEFAULT NULL,
  `create_date` datetime DEFAULT NULL,
  `config_status` int(1) unsigned zerofill DEFAULT '0',
  `sign` int(1) DEFAULT '0',
  `dev_type` int(11) DEFAULT NULL COMMENT 'ç¡¬ä»¶é…ç½®ç±»å‹(0ã€æµæ°´çº¿ï¼Œ1ã€è½¦é—´)',
  `line_id` int(11) DEFAULT NULL COMMENT 'è®¡æ•°å™¨ç¡¬ä»¶å…³è”çš„äº§çº¿id',
  PRIMARY KEY (`id`),
  KEY `device_id` (`device_id`)
) ENGINE=InnoDB DEFAULT CHARSET=utf8 COMMENT='ç¡¬ä»¶è¡¨';
/*!40101 SET character_set_client = @saved_cs_client */;

--
-- Dumping data for table `dev_list`
--

LOCK TABLES `dev_list` WRITE;
/*!40000 ALTER TABLE `dev_list` DISABLE KEYS */;
/*!40000 ALTER TABLE `dev_list` ENABLE KEYS */;
UNLOCK TABLES;

--
-- Table structure for table `dev_notice`
--

DROP TABLE IF EXISTS `dev_notice`;
/*!40101 SET @saved_cs_client     = @@character_set_client */;
 SET character_set_client = utf8mb4 ;
CREATE TABLE `dev_notice` (
  `id` int(11) NOT NULL AUTO_INCREMENT COMMENT 'æ¶ˆæ¯ä¸»é”®ID',
  `notice_content` text CHARACTER SET utf8 COLLATE utf8_general_ci COMMENT 'é€šçŸ¥å†…å®¹',
  `create_id` int(11) DEFAULT NULL COMMENT 'åˆ›å»ºè€…',
  `receive_by` int(11) DEFAULT NULL COMMENT 'æ¶ˆæ¯é€šçŸ¥è€…',
  `notice_status` int(11) DEFAULT '1' COMMENT 'æ¶ˆæ¯çŠ¶æ€:1,æœªå‘å¸ƒ 2,å·²å‘å¸ƒ 3,å·²ä¸‹çº¿',
  `company_id` int(11) DEFAULT NULL COMMENT 'å…¬å¸ä¸»é”®ID',
  `create_time` datetime DEFAULT NULL COMMENT 'æ¶ˆæ¯åˆ›å»ºæ—¶é—´',
  PRIMARY KEY (`id`)
) ENGINE=InnoDB DEFAULT CHARSET=utf8 COMMENT='å…¬å¸æ¶ˆæ¯é€šçŸ¥';
/*!40101 SET character_set_client = @saved_cs_client */;

--
-- Dumping data for table `dev_notice`
--

LOCK TABLES `dev_notice` WRITE;
/*!40000 ALTER TABLE `dev_notice` DISABLE KEYS */;
/*!40000 ALTER TABLE `dev_notice` ENABLE KEYS */;
UNLOCK TABLES;

--
-- Table structure for table `dev_page_config`
--

DROP TABLE IF EXISTS `dev_page_config`;
/*!40101 SET @saved_cs_client     = @@character_set_client */;
 SET character_set_client = utf8mb4 ;
CREATE TABLE `dev_page_config` (
  `id` int(11) NOT NULL AUTO_INCREMENT,
  `p_id` int(11) DEFAULT NULL,
  `dev_id` int(11) DEFAULT NULL,
  `dev_name` varchar(45) DEFAULT NULL,
  `io_id` int(11) DEFAULT NULL,
  `io_name` varchar(45) DEFAULT NULL,
  `dev_io_config` text,
  `create_time` datetime DEFAULT NULL,
  `dev_id1` int(11) DEFAULT NULL,
  `dev_name1` varchar(45) DEFAULT NULL,
  `io_id1` int(11) DEFAULT NULL,
  `io_name1` varchar(45) DEFAULT NULL,
  `line_id` int(11) DEFAULT NULL,
  PRIMARY KEY (`id`)
) ENGINE=InnoDB DEFAULT CHARSET=utf8 COMMENT='é¡µé¢é…ç½®';
/*!40101 SET character_set_client = @saved_cs_client */;

--
-- Dumping data for table `dev_page_config`
--

LOCK TABLES `dev_page_config` WRITE;
/*!40000 ALTER TABLE `dev_page_config` DISABLE KEYS */;
/*!40000 ALTER TABLE `dev_page_config` ENABLE KEYS */;
UNLOCK TABLES;

--
-- Table structure for table `dev_page_layout`
--

DROP TABLE IF EXISTS `dev_page_layout`;
/*!40101 SET @saved_cs_client     = @@character_set_client */;
 SET character_set_client = utf8mb4 ;
CREATE TABLE `dev_page_layout` (
  `id` int(11) NOT NULL AUTO_INCREMENT,
  `layout_type` int(11) DEFAULT '1',
  `layout_name` varchar(45) DEFAULT NULL,
  `layout_status` int(11) DEFAULT '1',
  `create_date` datetime DEFAULT NULL,
  `layout_num` int(11) DEFAULT '2',
  PRIMARY KEY (`id`)
) ENGINE=InnoDB AUTO_INCREMENT=3 DEFAULT CHARSET=utf8;
/*!40101 SET character_set_client = @saved_cs_client */;

--
-- Dumping data for table `dev_page_layout`
--

LOCK TABLES `dev_page_layout` WRITE;
/*!40000 ALTER TABLE `dev_page_layout` DISABLE KEYS */;
INSERT INTO `dev_page_layout` VALUES (1,1,'äº§çº¿æ±‡æ€»(Sum)',1,'2019-06-18 10:27:48',0),(2,2,'äº§çº¿è¯¦æƒ…(Detail)',1,'2019-06-18 10:27:48',0);
/*!40000 ALTER TABLE `dev_page_layout` ENABLE KEYS */;
UNLOCK TABLES;

--
-- Table structure for table `dev_page_list`
--

DROP TABLE IF EXISTS `dev_page_list`;
/*!40101 SET @saved_cs_client     = @@character_set_client */;
 SET character_set_client = utf8mb4 ;
CREATE TABLE `dev_page_list` (
  `id` int(11) NOT NULL AUTO_INCREMENT,
  `page_id` varchar(20) DEFAULT NULL,
  `company_id` int(11) DEFAULT NULL,
  `page_name` varchar(225) DEFAULT NULL,
  `page_url` varchar(225) DEFAULT NULL,
  `page_type` int(11) DEFAULT NULL,
  `page_layout_type` int(11) DEFAULT NULL,
  `page_back_img` varchar(225) DEFAULT NULL,
  `create_by` varchar(45) DEFAULT NULL,
  `create_time` datetime DEFAULT NULL,
  `page_pwd` varchar(45) DEFAULT '123456',
  `img_path` varchar(225) DEFAULT NULL COMMENT 'appç«¯é¢„è§ˆèƒŒæ™¯å›¾',
  PRIMARY KEY (`id`),
  UNIQUE KEY `company_page` (`company_id`,`page_id`)
) ENGINE=InnoDB DEFAULT CHARSET=utf8;
/*!40101 SET character_set_client = @saved_cs_client */;

--
-- Dumping data for table `dev_page_list`
--

LOCK TABLES `dev_page_list` WRITE;
/*!40000 ALTER TABLE `dev_page_list` DISABLE KEYS */;
/*!40000 ALTER TABLE `dev_page_list` ENABLE KEYS */;
UNLOCK TABLES;

--
-- Table structure for table `dev_product_list`
--

DROP TABLE IF EXISTS `dev_product_list`;
/*!40101 SET @saved_cs_client     = @@character_set_client */;
 SET character_set_client = utf8mb4 ;
CREATE TABLE `dev_product_list` (
  `id` int(11) NOT NULL AUTO_INCREMENT,
  `company_id` int(11) DEFAULT NULL,
  `product_code` varchar(45) DEFAULT NULL,
  `product_name` varchar(125) DEFAULT NULL,
  `remark` text,
  `create_time` datetime DEFAULT NULL,
  `def_id` int(11) DEFAULT '0',
  `standard_hour_yield` int(11) DEFAULT NULL,
  `create_by` varchar(45) DEFAULT NULL,
  `product_model` varchar(85) DEFAULT 'null' COMMENT 'äº§å“å‹å·',
  `price` decimal(10,2) DEFAULT '0.00' COMMENT 'å•ä»·(å«ç¨)',
  `product_img` text COMMENT 'äº§å“å›¾ç‰‡(æœ€å¤šäº”å¼ )',
  `img_size` int(11) DEFAULT '0' COMMENT 'å›¾ç‰‡æ•°é‡',
  `ecnstatus` int(11) DEFAULT '0' COMMENT 'ECNçŠ¶æ€ 0ã€é»˜è®¤ä¸ºå¼€å¯ 1ã€å·²å¼€å¯',
  `ecn_text` text,
  `sign` int(11) DEFAULT '0' COMMENT 'æ ‡è®° 0ã€äº§å“ 1ã€åŠæˆå“',
  `unit` varchar(45) DEFAULT NULL COMMENT 'å•ä½',
  `rule_id` int(11) DEFAULT '0' COMMENT 'è§„æ ¼é…ç½®',
  PRIMARY KEY (`id`),
  KEY `compal_id_code` (`company_id`,`product_code`) /*!80000 INVISIBLE */,
  KEY `def_id` (`def_id`,`id`),
  KEY `com_code` (`company_id`,`product_code`)
) ENGINE=InnoDB DEFAULT CHARSET=utf8 COMMENT='äº§å“ç¼–ç ';
/*!40101 SET character_set_client = @saved_cs_client */;

--
-- Dumping data for table `dev_product_list`
--

LOCK TABLES `dev_product_list` WRITE;
/*!40000 ALTER TABLE `dev_product_list` DISABLE KEYS */;
/*!40000 ALTER TABLE `dev_product_list` ENABLE KEYS */;
UNLOCK TABLES;

--
-- Table structure for table `dev_production_line`
--

DROP TABLE IF EXISTS `dev_production_line`;
/*!40101 SET @saved_cs_client     = @@character_set_client */;
 SET character_set_client = utf8mb4 ;
CREATE TABLE `dev_production_line` (
  `id` int(11) NOT NULL AUTO_INCREMENT,
  `line_name` varchar(125) DEFAULT NULL,
  `device_liable` int(11) DEFAULT NULL,
  `remark` text,
  `def_id` int(11) DEFAULT '0',
  `company_id` int(11) DEFAULT NULL,
  `create_time` datetime DEFAULT NULL,
  `create_by` int(11) DEFAULT NULL,
  `device_liable1` int(11) DEFAULT NULL,
  `manual` int(1) DEFAULT '1',
  `param_config` text,
  `sop_id` int(11) DEFAULT '0' COMMENT 'ä½œä¸šæŒ‡å¯¼ä¹¦ç¼–å·',
  `product_codes` varchar(545) DEFAULT NULL COMMENT 'äº§å“ç¼–ç ',
  `ed_user` int(11) DEFAULT NULL COMMENT 'å·¥ç¨‹è´£ä»»äºº',
  `ipqc_user` int(11) DEFAULT NULL COMMENT 'å“è´¨ç®¡ç†å‘˜',
  `me_user` int(11) DEFAULT NULL COMMENT 'æœºæ¢°å·¥ç¨‹å¸ˆ',
  `te_user` int(11) DEFAULT NULL COMMENT 'æµ‹è¯•å‘˜',
  PRIMARY KEY (`id`),
  UNIQUE KEY `company_line_name` (`company_id`,`line_name`)
) ENGINE=InnoDB DEFAULT CHARSET=utf8;
/*!40101 SET character_set_client = @saved_cs_client */;

--
-- Dumping data for table `dev_production_line`
--

LOCK TABLES `dev_production_line` WRITE;
/*!40000 ALTER TABLE `dev_production_line` DISABLE KEYS */;
/*!40000 ALTER TABLE `dev_production_line` ENABLE KEYS */;
UNLOCK TABLES;

--
-- Table structure for table `dev_user`
--

DROP TABLE IF EXISTS `dev_user`;
/*!40101 SET @saved_cs_client     = @@character_set_client */;
 SET character_set_client = utf8mb4 ;
CREATE TABLE `dev_user` (
  `id` int(11) NOT NULL AUTO_INCREMENT COMMENT 'ä¸»é”®',
  `phone_number` varchar(15) NOT NULL COMMENT 'æ‰‹æœºå·ç ',
  `password` varchar(32) NOT NULL COMMENT 'å¯†ç ',
  `user_name` varchar(32) DEFAULT NULL COMMENT 'å§“å',
  `create_time` date DEFAULT NULL COMMENT 'åˆ›å»ºæ—¶é—´',
  PRIMARY KEY (`id`)
) ENGINE=InnoDB DEFAULT CHARSET=utf8 COMMENT='ç”¨æˆ·è¡¨';
/*!40101 SET character_set_client = @saved_cs_client */;

--
-- Dumping data for table `dev_user`
--

LOCK TABLES `dev_user` WRITE;
/*!40000 ALTER TABLE `dev_user` DISABLE KEYS */;
/*!40000 ALTER TABLE `dev_user` ENABLE KEYS */;
UNLOCK TABLES;

--
-- Table structure for table `dev_user_company`
--

DROP TABLE IF EXISTS `dev_user_company`;
/*!40101 SET @saved_cs_client     = @@character_set_client */;
 SET character_set_client = utf8mb4 ;
CREATE TABLE `dev_user_company` (
  `company_id` int(11) NOT NULL COMMENT 'å…¬å¸ä¸»é”®ID',
  `user_id` int(11) NOT NULL COMMENT 'ç”¨æˆ·ID',
  PRIMARY KEY (`company_id`,`user_id`)
) ENGINE=InnoDB DEFAULT CHARSET=utf8 COMMENT='ç”¨æˆ·å…¬å¸è¡¨';
/*!40101 SET character_set_client = @saved_cs_client */;

--
-- Dumping data for table `dev_user_company`
--

LOCK TABLES `dev_user_company` WRITE;
/*!40000 ALTER TABLE `dev_user_company` DISABLE KEYS */;
/*!40000 ALTER TABLE `dev_user_company` ENABLE KEYS */;
UNLOCK TABLES;

--
-- Table structure for table `dev_work_data`
--

DROP TABLE IF EXISTS `dev_work_data`;
/*!40101 SET @saved_cs_client     = @@character_set_client */;
 SET character_set_client = utf8mb4 ;
CREATE TABLE `dev_work_data` (
  `data_id` int(11) NOT NULL AUTO_INCREMENT COMMENT 'å·¥å•æ•°æ®ä¸»é”®ID',
  `company_id` int(11) DEFAULT NULL COMMENT 'å…¬å¸ä¸»é”®ID',
  `line_id` int(11) DEFAULT NULL COMMENT 'äº§çº¿ä¸»é”®ID',
  `work_id` int(11) DEFAULT NULL COMMENT 'å·¥å•ä¸»é”®ID',
  `dev_id` int(11) DEFAULT NULL COMMENT 'ç¡¬ä»¶ä¸»é”®ID',
  `dev_name` varchar(125) CHARACTER SET utf8 COLLATE utf8_general_ci DEFAULT NULL COMMENT 'ç¡¬ä»¶åç§°',
  `io_id` int(11) DEFAULT NULL COMMENT 'IOä¸»é”®ID',
  `io_name` varchar(125) CHARACTER SET utf8 COLLATE utf8_general_ci DEFAULT NULL COMMENT 'IOåç§°',
  `io_order` int(11) DEFAULT NULL COMMENT 'IOé¡ºåº',
  `data_sign` int(11) DEFAULT '1' COMMENT 'æ ‡è®°æ˜¯å¦éœ€è¦è®°å½•åˆå§‹å€¼',
  `initial_data` int(11) DEFAULT '0' COMMENT 'åˆå§‹å€¼',
  `cumulative_num` int(11) DEFAULT '0' COMMENT 'ç´¯è®¡äº§é‡',
  `manual_num` int(11) DEFAULT '0' COMMENT 'æ‰‹åŠ¨è°ƒæ•´äº§é‡æ•°æ®',
  `create_time` datetime DEFAULT NULL COMMENT 'åˆ›å»ºæ—¶é—´',
  `io_sign` int(1) DEFAULT '0',
  `sc_type` int(11) DEFAULT NULL COMMENT 'è½¦é—´æˆ–è€…æµæ°´çº¿æ ‡è®°(0ã€æµæ°´çº¿ï¼Œ1ã€è½¦é—´)',
  PRIMARY KEY (`data_id`),
  KEY `company_line_dev_io_order` (`company_id`,`line_id`,`work_id`,`dev_id`,`io_id`,`io_order`),
  KEY `single_kb_index` (`work_id`,`io_id`)
) ENGINE=InnoDB DEFAULT CHARSET=utf8 COMMENT='å·¥å•æ•°æ®';
/*!40101 SET character_set_client = @saved_cs_client */;

--
-- Dumping data for table `dev_work_data`
--

LOCK TABLES `dev_work_data` WRITE;
/*!40000 ALTER TABLE `dev_work_data` DISABLE KEYS */;
/*!40000 ALTER TABLE `dev_work_data` ENABLE KEYS */;
UNLOCK TABLES;

--
-- Table structure for table `dev_work_day_hour`
--

DROP TABLE IF EXISTS `dev_work_day_hour`;
/*!40101 SET @saved_cs_client     = @@character_set_client */;
 SET character_set_client = utf8mb4 ;
CREATE TABLE `dev_work_day_hour` (
  `hour_id` int(11) NOT NULL AUTO_INCREMENT COMMENT 'å·¥å•IOæ¯å°æ—¶æ•°æ®ä¸»é”®ID',
  `company_id` int(11) DEFAULT NULL COMMENT 'å…¬å¸ä¸»é”®ID',
  `line_id` int(11) DEFAULT NULL COMMENT 'äº§çº¿ä¸»é”®ID',
  `work_id` int(11) DEFAULT NULL COMMENT 'å·¥å•ä¸»é”®ID',
  `dev_id` int(11) DEFAULT NULL COMMENT 'ç¡¬ä»¶ä¸»é”®ID',
  `dev_name` varchar(125) CHARACTER SET utf8 COLLATE utf8_general_ci DEFAULT NULL COMMENT 'ç¡¬ä»¶åç§°',
  `io_id` int(11) DEFAULT NULL COMMENT 'IOå£',
  `io_name` varchar(125) CHARACTER SET utf8 COLLATE utf8_general_ci DEFAULT NULL COMMENT 'IOåç§°',
  `io_order` int(11) DEFAULT NULL COMMENT 'IOé¡ºåº',
  `hour1` int(11) DEFAULT '0' COMMENT '0~1ç‚¹çš„æ•°æ®',
  `hour2` int(11) DEFAULT '0' COMMENT '1~2ç‚¹çš„æ•°æ®',
  `hour3` int(11) DEFAULT '0' COMMENT '2~3ç‚¹çš„æ•°æ®',
  `hour4` int(11) DEFAULT '0' COMMENT '3~4ç‚¹çš„æ•°æ®',
  `hour5` int(11) DEFAULT '0' COMMENT '4~5ç‚¹çš„æ•°æ®',
  `hour6` int(11) DEFAULT '0' COMMENT '5~6ç‚¹çš„æ•°æ®',
  `hour7` int(11) DEFAULT '0' COMMENT '6~7ç‚¹çš„æ•°æ®',
  `hour8` int(11) DEFAULT '0' COMMENT '7~8ç‚¹çš„æ•°æ®',
  `hour9` int(11) DEFAULT '0' COMMENT '8~9ç‚¹çš„æ•°æ®',
  `hour10` int(11) DEFAULT '0' COMMENT '9~10ç‚¹çš„æ•°æ®',
  `hour11` int(11) DEFAULT '0' COMMENT '10~11ç‚¹çš„æ•°æ®',
  `hour12` int(11) DEFAULT '0' COMMENT '11~12ç‚¹çš„æ•°æ®',
  `hour13` int(11) DEFAULT '0' COMMENT '12~13ç‚¹çš„æ•°æ®',
  `hour14` int(11) DEFAULT '0' COMMENT '13~14ç‚¹çš„æ•°æ®',
  `hour15` int(11) DEFAULT '0' COMMENT '14~15ç‚¹çš„æ•°æ®',
  `hour16` int(11) DEFAULT '0' COMMENT '15~16ç‚¹çš„æ•°æ®',
  `hour17` int(11) DEFAULT '0' COMMENT '16~17ç‚¹çš„æ•°æ®',
  `hour18` int(11) DEFAULT '0' COMMENT '17~18ç‚¹çš„æ•°æ®',
  `hour19` int(11) DEFAULT '0' COMMENT '18~19ç‚¹çš„æ•°æ®',
  `hour20` int(11) DEFAULT '0' COMMENT '19~20ç‚¹çš„æ•°æ®',
  `hour21` int(11) DEFAULT '0' COMMENT '20~21ç‚¹çš„æ•°æ®',
  `hour22` int(11) DEFAULT '0' COMMENT '21~22ç‚¹çš„æ•°æ®',
  `hour23` int(11) DEFAULT '0' COMMENT '22~23ç‚¹çš„æ•°æ®',
  `hour24` int(11) DEFAULT '0' COMMENT '23~24ç‚¹çš„æ•°æ®',
  `data_time` date DEFAULT NULL COMMENT 'å¯¹åº”æ•°æ®è®°å½•æ—¥æœŸ',
  `create_time` datetime DEFAULT NULL COMMENT 'åˆ›å»ºæ—¶é—´',
  PRIMARY KEY (`hour_id`),
  KEY `company_id_work_dev_io_hour` (`company_id`,`line_id`,`work_id`,`dev_id`,`data_time`,`io_id`)
) ENGINE=InnoDB DEFAULT CHARSET=utf8 COMMENT='å·¥å•å„ä¸ªIOå£æ¯å¤©æ¯å°æ—¶æ•°æ®';
/*!40101 SET character_set_client = @saved_cs_client */;

--
-- Dumping data for table `dev_work_day_hour`
--

LOCK TABLES `dev_work_day_hour` WRITE;
/*!40000 ALTER TABLE `dev_work_day_hour` DISABLE KEYS */;
/*!40000 ALTER TABLE `dev_work_day_hour` ENABLE KEYS */;
UNLOCK TABLES;

--
-- Table structure for table `dev_work_exception_list`
--

DROP TABLE IF EXISTS `dev_work_exception_list`;
/*!40101 SET @saved_cs_client     = @@character_set_client */;
 SET character_set_client = utf8mb4 ;
CREATE TABLE `dev_work_exception_list` (
  `id` int(11) NOT NULL AUTO_INCREMENT COMMENT 'å·¥å•å¼‚å¸¸ä¸»é”®ID',
  `company_id` int(11) DEFAULT NULL COMMENT 'å…¬å¸ä¸»é”®ID',
  `work_id` int(11) DEFAULT NULL COMMENT 'å·¥å•ä¸»é”®ID',
  `exce_type` int(11) DEFAULT NULL COMMENT 'å¼‚å¸¸ç±»å‹ID',
  `remark` text CHARACTER SET utf8 COLLATE utf8_general_ci COMMENT 'å¤‡æ³¨ä¿¡æ¯',
  `exce_statut` int(11) DEFAULT '0' COMMENT 'å¼‚å¸¸çŠ¶æ€',
  `create_time` datetime DEFAULT NULL COMMENT 'åˆ›å»ºæ—¶é—´',
  `handle_user` varchar(30) DEFAULT NULL COMMENT 'å¤„ç†è€…',
  `handle_time` datetime DEFAULT NULL COMMENT 'å¤„ç†æ—¶é—´',
  `handle_content` text,
  PRIMARY KEY (`id`),
  KEY `company_work_id` (`company_id`,`work_id`)
) ENGINE=InnoDB DEFAULT CHARSET=utf8 COMMENT='å„ä¸ªå·¥å•å¼‚å¸¸æƒ…å†µè®°å½•';
/*!40101 SET character_set_client = @saved_cs_client */;

--
-- Dumping data for table `dev_work_exception_list`
--

LOCK TABLES `dev_work_exception_list` WRITE;
/*!40000 ALTER TABLE `dev_work_exception_list` DISABLE KEYS */;
/*!40000 ALTER TABLE `dev_work_exception_list` ENABLE KEYS */;
UNLOCK TABLES;

--
-- Table structure for table `dev_work_exception_type`
--

DROP TABLE IF EXISTS `dev_work_exception_type`;
/*!40101 SET @saved_cs_client     = @@character_set_client */;
 SET character_set_client = utf8mb4 ;
CREATE TABLE `dev_work_exception_type` (
  `id` int(11) NOT NULL AUTO_INCREMENT COMMENT 'å·¥å•å¼‚å¸¸ç±»å‹ä¸»é”®ID',
  `company_id` int(11) DEFAULT NULL COMMENT 'å…¬å¸ä¸»é”®ID',
  `type_name` varchar(45) CHARACTER SET utf8 COLLATE utf8_general_ci DEFAULT NULL COMMENT 'å¼‚å¸¸ç±»å‹åç§°',
  `def_id` int(11) DEFAULT '0' COMMENT 'æ˜¯å¦åˆ é™¤',
  `create_time` datetime DEFAULT NULL COMMENT 'åˆ›å»ºæ—¶é—´',
  PRIMARY KEY (`id`)
) ENGINE=InnoDB DEFAULT CHARSET=utf8 COMMENT='å·¥å•å·¥å•å¼‚å¸¸ç±»å‹';
/*!40101 SET character_set_client = @saved_cs_client */;

--
-- Dumping data for table `dev_work_exception_type`
--

LOCK TABLES `dev_work_exception_type` WRITE;
/*!40000 ALTER TABLE `dev_work_exception_type` DISABLE KEYS */;
/*!40000 ALTER TABLE `dev_work_exception_type` ENABLE KEYS */;
UNLOCK TABLES;

--
-- Table structure for table `dev_work_order`
--

DROP TABLE IF EXISTS `dev_work_order`;
/*!40101 SET @saved_cs_client     = @@character_set_client */;
 SET character_set_client = utf8mb4 ;
CREATE TABLE `dev_work_order` (
  `id` int(11) NOT NULL AUTO_INCREMENT COMMENT 'å·¥å•ä¸»é”®ID',
  `workorder_name` varchar(45) CHARACTER SET utf8 COLLATE utf8_general_ci DEFAULT NULL COMMENT 'å·¥å•åç§°',
  `workorder_number` varchar(45) CHARACTER SET utf8 COLLATE utf8_general_ci DEFAULT NULL COMMENT 'å·¥å•å·(å”¯ä¸€)',
  `company_id` int(11) DEFAULT NULL COMMENT 'å…¬å¸ä¸»é”®ID',
  `line_id` int(11) DEFAULT NULL COMMENT 'äº§çº¿ID',
  `product_name` varchar(45) CHARACTER SET utf8 COLLATE utf8_general_ci DEFAULT NULL COMMENT 'äº§å“åç§°',
  `product_code` varchar(45) CHARACTER SET utf8 COLLATE utf8_general_ci DEFAULT NULL COMMENT 'äº§å“ç¼–ç ',
  `product_number` int(11) DEFAULT NULL COMMENT 'ç”Ÿäº§æ•°é‡',
  `production_start` datetime DEFAULT NULL COMMENT 'è®¡åˆ’ç”Ÿäº§å¼€å§‹æ—¶é—´',
  `production_end` datetime DEFAULT NULL COMMENT 'è®¡åˆ’ç”Ÿäº§å®Œæˆæ—¶é—´',
  `start_time` datetime DEFAULT NULL COMMENT 'å®é™…ç”Ÿäº§å¼€å§‹æ—¶é—´',
  `end_time` datetime DEFAULT NULL COMMENT 'å®é™…ç”Ÿäº§å®Œæˆæ—¶é—´',
  `product_standard_hour` int(11) DEFAULT '0' COMMENT 'æ ‡å‡†å°æ—¶äº§é‡',
  `create_time` datetime DEFAULT NULL COMMENT 'åˆ›å»ºæ—¶é—´',
  `create_by` varchar(30) DEFAULT NULL COMMENT 'åˆ›å»ºè€…',
  `update_time` datetime DEFAULT NULL COMMENT 'æ›´æ–°æ—¶é—´',
  `device_liable` int(11) DEFAULT NULL COMMENT 'è´£ä»»äºº',
  `update_by` varchar(30) DEFAULT NULL COMMENT 'æ›´æ–°è€…',
  `people_number` int(11) DEFAULT '1' COMMENT 'ç”¨å·¥äººæ•°',
  `working_hour` float DEFAULT NULL COMMENT 'æ­£å¸¸å·¥æ—¶',
  `overtime_hour` float DEFAULT NULL COMMENT 'åŠ ç­å·¥æ—¶',
  `overtime_race` float DEFAULT NULL COMMENT 'åŠ ç­å€ç‡',
  `manual_time` float DEFAULT NULL COMMENT 'æ‰‹åŠ¨è°ƒæ•´å·¥æ—¶',
  `workorder_status` int(11) DEFAULT '0' COMMENT 'å·¥å•ç”Ÿäº§çŠ¶æ€',
  `operation_status` int(11) DEFAULT '0' COMMENT 'å·¥å•æ“ä½œçŠ¶æ€',
  `init_date` int(11) DEFAULT '1' COMMENT 'æ˜¯å¦éœ€è¦åˆå§‹åŒ–æ•°æ®',
  `work_sign` int(11) DEFAULT '0' COMMENT 'æ ‡è®°æ˜¯å¦ç¡®è®¤æ•°æ®',
  `scrap_num` int(11) DEFAULT '0' COMMENT 'æŠ¥åºŸå“',
  `actual_warehouse_num` int(11) DEFAULT '0' COMMENT 'å®é™…å…¥åº“æ•°é‡',
  `cumulative_number` int(11) DEFAULT '0',
  `direct_pass_rate` float DEFAULT NULL,
  `paramConfig` text,
  `bad_number` int(11) DEFAULT '0',
  `product_model` varchar(85) DEFAULT NULL COMMENT 'äº§å“å‹å·',
  `remark` text,
  `order_code` varchar(45) DEFAULT NULL,
  `ecn_status` int(11) DEFAULT '0',
  `ecn_text` text,
  `sign` int(11) DEFAULT '1',
  `put_into_number` int(11) DEFAULT NULL COMMENT 'æŠ•å…¥äº§é‡',
  `sign_time` datetime DEFAULT NULL COMMENT 'æ ‡è®°å¼€å§‹æ—¶é—´',
  `sign_huor` float(10,2) DEFAULT '0.00',
  `abolish` tinyint(1) DEFAULT '0' COMMENT 'æ ‡è®°å·¥å•æ˜¯å¦ä½œåºŸ',
  `wl_sign` int(11) DEFAULT '0' COMMENT 'å·¥ä½æ˜¯åœ¨è½¦é—´è¿˜æ˜¯åœ¨å•å·¥ä½ç”Ÿäº§æ ‡è®°(0ã€æµæ°´çº¿é»˜è®¤å€¼ï¼Œ1ã€å•å·¥ä½)',
  `make_type` int(11) DEFAULT '0' COMMENT 'å·¥å•ç”Ÿäº§ç±»å‹(0ã€é»˜è®¤å€¼ç”Ÿäº§çš„æ˜¯æˆå“ï¼Œ1ã€ç”Ÿäº§åŠæˆå“)',
  `work_price` float(10,2) DEFAULT '0.00' COMMENT 'å·¥å•ç”Ÿäº§å•ä»·',
  `pb_sign` int(11) DEFAULT '0' COMMENT 'æš‚åœå¼€å§‹æœ€åä¸€æ¬¡è®¡æ•°æ ‡å¿—(é»˜è®¤å€¼0ã€éœ€è¦è®¡æ•°ï¼Œ1ã€ä¸éœ€è¦è®¡æ•°)',
  `res_sign` int(11) DEFAULT '-1' COMMENT 'ASOPæ›´æ–°åé¦ˆ -1ã€é»˜è®¤å€¼ 0ã€æœªæ›´æ–°å®Œ 1ã€å…¨éƒ¨æ›´æ–°',
  PRIMARY KEY (`id`),
  UNIQUE KEY `work_id_company` (`workorder_number`,`company_id`) /*!80000 INVISIBLE */,
  KEY `company_line_status` (`company_id`,`line_id`,`workorder_status`,`operation_status`)
) ENGINE=InnoDB DEFAULT CHARSET=utf8 COMMENT='å·¥å•è¡¨';
/*!40101 SET character_set_client = @saved_cs_client */;

--
-- Dumping data for table `dev_work_order`
--

LOCK TABLES `dev_work_order` WRITE;
/*!40000 ALTER TABLE `dev_work_order` DISABLE KEYS */;
/*!40000 ALTER TABLE `dev_work_order` ENABLE KEYS */;
UNLOCK TABLES;

--
-- Table structure for table `language`
--

DROP TABLE IF EXISTS `language`;
/*!40101 SET @saved_cs_client     = @@character_set_client */;
 SET character_set_client = utf8mb4 ;
CREATE TABLE `language` (
  `info` text,
  `id` int(11) NOT NULL AUTO_INCREMENT,
  PRIMARY KEY (`id`)
) ENGINE=InnoDB AUTO_INCREMENT=2 DEFAULT CHARSET=utf8 COMMENT='appæœ¬åœ°åŒ–';
/*!40101 SET character_set_client = @saved_cs_client */;

--
-- Dumping data for table `language`
--

LOCK TABLES `language` WRITE;
/*!40000 ALTER TABLE `language` DISABLE KEYS */;
INSERT INTO `language` VALUES ('{\"è®¡åˆ’æ’å•-0\":\"è®¡åˆ’æ’å•\",\"è®¡åˆ’æ’å•-1\":\"Planning\",\"äº§çº¿åˆ—è¡¨-0\":\"äº§çº¿åˆ—è¡¨\",\"äº§çº¿åˆ—è¡¨-1\":\"Prod. Line\",\"æ¶ˆæ¯é€šçŸ¥-0\":\"æ¶ˆæ¯é€šçŸ¥\",\"æ¶ˆæ¯é€šçŸ¥-1\":\"Message\",\"ç”Ÿäº§æŠ¥è¡¨-0\":\"ç”Ÿäº§æŠ¥è¡¨\",\"ç”Ÿäº§æŠ¥è¡¨-1\":\"Prod. Reports\",\"ç¡¬ä»¶é…ç½®-0\":\"ç¡¬ä»¶é…ç½®\",\"ç¡¬ä»¶é…ç½®-1\":\"Configuration\",\"æ–‡ä»¶ç®¡ç†-0\":\"æ–‡ä»¶ç®¡ç†\",\"æ–‡ä»¶ç®¡ç†-1\":\"File Mgmt.\",\"ç¡¬ä»¶çŠ¶æ€-0\":\"ç¡¬ä»¶çŠ¶æ€\",\"ç¡¬ä»¶çŠ¶æ€-1\":\"Monitor Status\",\"å·¥å•å½•å…¥-0\":\"å·¥å•å½•å…¥\",\"å·¥å•å½•å…¥-1\":\"New Prod. Order\",\"MESè§„åˆ™-0\":\"MESè§„åˆ™\",\"MESè§„åˆ™-1\":\"MES Rules\",\"MESæ•°æ®-0\":\"MESæ•°æ®\",\"MESæ•°æ®-1\":\"MES Data\",\"å”®åå½•å…¥-0\":\"å”®åå½•å…¥\",\"å”®åå½•å…¥-1\":\"Scan Returns\",\"æµæ°´çº¿å·¥å•-0\":\"æµæ°´çº¿å·¥å•\",\"æµæ°´çº¿å·¥å•-1\":\"Prod. Order\",\"é€‰æ‹©äº§çº¿-0\":\"é€‰æ‹©äº§çº¿\",\"é€‰æ‹©äº§çº¿-1\":\"Select Prod.Line\",\"ç”Ÿäº§çŠ¶æ€-0\":\"ç”Ÿäº§çŠ¶æ€\",\"ç”Ÿäº§çŠ¶æ€-1\":\"Prod. Status\",\"å…¨éƒ¨-0\":\"å…¨éƒ¨\",\"å…¨éƒ¨-1\":\"All\",\"å½“å¤©-0\":\"å½“å¤©\",\"å½“å¤©-1\":\"Today\",\"ç”Ÿäº§æœªå¼€å§‹-0\":\"ç”Ÿäº§æœªå¼€å§‹\",\"ç”Ÿäº§æœªå¼€å§‹-1\":\"Prod. Not Start\",\"ç”Ÿäº§è¿›è¡Œä¸­-0\":\"ç”Ÿäº§è¿›è¡Œä¸­\",\"ç”Ÿäº§è¿›è¡Œä¸­-1\":\"Ongoing\",\"ç”Ÿäº§å·²å®Œæˆ-0\":\"ç”Ÿäº§å·²å®Œæˆ\",\"ç”Ÿäº§å·²å®Œæˆ-1\":\"Finished\",\"æ“ä½œæœªå¼€å§‹-0\":\"æ“ä½œæœªå¼€å§‹\",\"æ“ä½œæœªå¼€å§‹-1\":\"Not Start\",\"å¾…æäº¤å·¥å•-0\":\"å¾…æäº¤å·¥å•\",\"å¾…æäº¤å·¥å•-1\":\"Waiting Submit\",\"å·²æäº¤å·¥å•-0\":\"å·²æäº¤å·¥å•\",\"å·²æäº¤å·¥å•-1\":\"Submitted\",\"å¼€å§‹-0\":\"å¼€å§‹\",\"å¼€å§‹-1\":\"Go\",\"å®Œæˆ-0\":\"å®Œæˆ\",\"å®Œæˆ-1\":\"End\",\"å·¥å•è¯¦æƒ…-0\":\"å·¥å•è¯¦æƒ…\",\"å·¥å•è¯¦æƒ…-1\":\"Prod. Order Details\",\"ç¼–è¾‘-0\":\"ç¼–è¾‘\",\"ç¼–è¾‘-1\":\"Edit\",\"äº§çº¿\\/è½¦é—´-0\":\"äº§çº¿\\/è½¦é—´\",\"äº§çº¿\\/è½¦é—´-1\":\"Prod.Line\\/Workshop\",\"å·¥å•å·-0\":\"å·¥å•å·\",\"å·¥å•å·-1\":\"Prod. Order No.\",\"äº§å“ç¼–ç -0\":\"äº§å“ç¼–ç \",\"äº§å“ç¼–ç -1\":\"Prod. Part Number\",\"åç§°-0\":\"åç§°\",\"åç§°-1\":\"Description\",\"äº§å“å‹å·-0\":\"äº§å“å‹å·\",\"äº§å“å‹å·-1\":\"Model\",\"è®¡åˆ’å¼€å§‹\\/å®Œæˆ-0\":\"è®¡åˆ’å¼€å§‹\\/å®Œæˆ\",\"è®¡åˆ’å¼€å§‹\\/å®Œæˆ-1\":\"Planed Start Finish\",\"å®é™…å¼€å§‹\\/å®Œæˆ-0\":\"å®é™…å¼€å§‹\\/å®Œæˆ\",\"å®é™…å¼€å§‹\\/å®Œæˆ-1\":\"Actual Start Finish\",\"ç”¨å·¥äººæ•°-0\":\"ç”¨å·¥äººæ•°\",\"ç”¨å·¥äººæ•°-1\":\"Operator Qty.\",\"æ­£å¸¸\\/åŠ ç­å·¥æ—¶-0\":\"æ­£å¸¸\\/åŠ ç­å·¥æ—¶\",\"æ­£å¸¸\\/åŠ ç­å·¥æ—¶-1\":\"Woking Hours OT Hours\",\"è°ƒæ•´å·¥æ—¶-0\":\"è°ƒæ•´å·¥æ—¶\",\"è°ƒæ•´å·¥æ—¶-1\":\"Woking Hours Adjustment \",\"åŠ ç­å€ç‡-0\":\"åŠ ç­å€ç‡\",\"åŠ ç­å€ç‡-1\":\"OT Setting\",\"å®é™…äº§é‡-0\":\"å®é™…äº§é‡\",\"å®é™…äº§é‡-1\":\"Actural Output\",\"æŠ•å…¥\\/å…¥åº“æ•°é‡-0\":\"æŠ•å…¥\\/å…¥åº“æ•°é‡\",\"æŠ•å…¥\\/å…¥åº“æ•°é‡-1\":\"In Out Qty.\",\"ä¸è‰¯å“æ•°é‡-0\":\"ä¸è‰¯å“æ•°é‡\",\"ä¸è‰¯å“æ•°é‡-1\":\"Failure Qty.\",\"æŠ¥åºŸæ•°é‡-0\":\"æŠ¥åºŸæ•°é‡\",\"æŠ¥åºŸæ•°é‡-1\":\"Discard Qty.\",\"å¤‡æ³¨ä¿¡æ¯-0\":\"å¤‡æ³¨ä¿¡æ¯\",\"å¤‡æ³¨ä¿¡æ¯-1\":\"Remarks\",\"äº§çº¿åç§°-0\":\"äº§çº¿åç§°\",\"äº§çº¿åç§°-1\":\"Prod.Line Name\",\"è´£ä»»äººä¸€-0\":\"è´£ä»»äººä¸€\",\"è´£ä»»äººä¸€-1\":\"Resp.1\",\"è´£ä»»äººäºŒ-0\":\"è´£ä»»äººäºŒ\",\"è´£ä»»äººäºŒ-1\":\"Resp.2\",\"åˆ›å»ºæ—¶é—´-0\":\"åˆ›å»ºæ—¶é—´\",\"åˆ›å»ºæ—¶é—´-1\":\"Created Date\",\"ç‚¹å‡»æŸ¥çœ‹-0\":\"ç‚¹å‡»æŸ¥çœ‹\",\"ç‚¹å‡»æŸ¥çœ‹-1\":\"Click to View\",\"æµè§ˆ-0\":\"æµè§ˆ\",\"æµè§ˆ-1\":\"Browse\",\"å¼€å§‹æ—¶é—´-0\":\"å¼€å§‹æ—¶é—´\",\"å¼€å§‹æ—¶é—´-1\":\"Start Time\",\"ç»“æŸæ—¶é—´-0\":\"ç»“æŸæ—¶é—´\",\"ç»“æŸæ—¶é—´-1\":\"Finish Time\",\"æŸ¥è¯¢-0\":\"æŸ¥è¯¢\",\"æŸ¥è¯¢-1\":\"Searching\",\"æœ€è¿‘-0\":\"æœ€è¿‘\",\"æœ€è¿‘-1\":\"Recent\",\"å·¥ä½œ-0\":\"å·¥ä½œ\",\"å·¥ä½œ-1\":\"Work\",\"æˆ‘çš„-0\":\"æˆ‘çš„\",\"æˆ‘çš„-1\":\"My\",\"åŠŸèƒ½åˆ‡æ¢-0\":\"åŠŸèƒ½åˆ‡æ¢\",\"åŠŸèƒ½åˆ‡æ¢-1\":\"Select Function\",\"ç”Ÿäº§çœ‹æ¿-0\":\"ç”Ÿäº§çœ‹æ¿\",\"ç”Ÿäº§çœ‹æ¿-1\":\"Prod. KanBan\",\"è®¾ç½®-0\":\"è®¾ç½®\",\"è®¾ç½®-1\":\"Configuration\",\"æ£€æŸ¥æ›´æ–°-0\":\"æ£€æŸ¥æ›´æ–°\",\"æ£€æŸ¥æ›´æ–°-1\":\"Check Update\",\"å…³äºæœ¬æœº-0\":\"å…³äºæœ¬æœº\",\"åˆ‡æ¢ç”¨æˆ·-0\":\"åˆ‡æ¢ç”¨æˆ·\",\"ä¿®æ”¹å¯†ç -0\":\"ä¿®æ”¹å¯†ç \",\"ä¿®æ”¹å¯†ç -1\":\"Change PassWord\",\"æ‰‹æœºå·-0\":\"æ‰‹æœºå·\",\"æ‰‹æœºå·-1\":\"Phone No.\",\"éªŒè¯-0\":\"éªŒè¯\",\"éªŒè¯-1\":\"Verification\",\"éªŒè¯ç -0\":\"éªŒè¯ç \",\"éªŒè¯ç -1\":\"Verification Code\",\"é‡ç½®-0\":\"é‡ç½®\",\"é‡ç½®-1\":\"Reset\",\"æç¤º-0\":\"æç¤º\",\"æç¤º-1\":\"Tips\",\"ç¡®å®šè¦é€€å‡ºä¹ˆ?-0\":\"ç¡®å®šè¦é€€å‡ºä¹ˆ?\",\"ç¡®å®šè¦é€€å‡ºä¹ˆ?-1\":\"Sure to quit?\",\"ç¡®å®š-0\":\"ç¡®å®š\",\"ç¡®å®š-1\":\"Yes\",\"å–æ¶ˆ-0\":\"å–æ¶ˆ\",\"å–æ¶ˆ-1\":\"No\",\"å·²æ˜¯æœ€æ–°ç‰ˆæœ¬-0\":\"å·²æ˜¯æœ€æ–°ç‰ˆæœ¬\",\"å·²æ˜¯æœ€æ–°ç‰ˆæœ¬-1\":\"Latest Version\",\"ä»“åº“å‘æ–™-0\":\"ä»“åº“å‘æ–™\",\"ä»“åº“å‘æ–™-1\":\"Warehouse \",\"ä»“åº“-0\":\"ä»“åº“\",\"ä»“åº“-1\":\"Warehouse\",\"ç”Ÿäº§-0\":\"ç”Ÿäº§\",\"ç”Ÿäº§-1\":\"Prod.\",\"ç‰©æ–™ç¼–ç -0\":\"ç‰©æ–™ç¼–ç \",\"ç‰©æ–™ç¼–ç -1\":\"Material P\\/N\",\"æ‰¹æ¬¡æ•°é‡-0\":\"æ‰¹æ¬¡æ•°é‡\",\"æ‰¹æ¬¡æ•°é‡-1\":\"Batch Qty.\",\"é…æ–™æ‰¹æ¬¡-0\":\"é…æ–™æ‰¹æ¬¡\",\"é…æ–™æ‰¹æ¬¡-1\":\"Material Batch Code\",\"ä¿å­˜-0\":\"ä¿å­˜\",\"ä¿å­˜-1\":\"Save\",\"è§„åˆ™åç§°-0\":\"è§„åˆ™åç§°\",\"è§„åˆ™åç§°-1\":\"Rule Name\",\"æˆå“ç¼–ç -0\":\"æˆå“ç¼–ç \",\"æˆå“ç¼–ç -1\":\"Finish Goods P\\/N\",\"åŠæˆå“-0\":\"åŠæˆå“\",\"åŠæˆå“-1\":\"Semi Finished\",\"åŠæˆå“ç¼–ç -0\":\"åŠæˆå“ç¼–ç \",\"åŠæˆå“ç¼–ç -1\":\"Semi Finished P\\/N\",\"æˆå“-0\":\"æˆå“\",\"æˆå“-1\":\"Finished Goods\",\"MESè§„åˆ™é…ç½®æ˜ç»†-0\":\"MESè§„åˆ™é…ç½®æ˜ç»†\",\"MESè§„åˆ™é…ç½®æ˜ç»†-1\":\"MES Rules Details\",\"ä¸»ç ä¿¡æ¯-0\":\"ä¸»ç ä¿¡æ¯\",\"ä¸»ç ä¿¡æ¯-1\":\"Finished Batch Information\",\"æ‰¹æ¬¡å·-0\":\"æ‰¹æ¬¡å·\",\"æ‰¹æ¬¡å·-1\":\"Batch No.\",\"å¿«é€Ÿæ£€ç´¢-0\":\"å¿«é€Ÿæ£€ç´¢\",\"å¿«é€Ÿæ£€ç´¢-1\":\"Searching\",\"æ£€ç´¢å†…å®¹-0\":\"æ£€ç´¢å†…å®¹\",\"æ£€ç´¢å†…å®¹-1\":\"Search Contents\",\"æ˜¯å¦å…è®¸å…«çˆªé±¼ç”¨æˆ·ç«¯æ‹æ‘„ç…§ç‰‡å’Œå½•åˆ¶è§†é¢‘-0\":\"æ˜¯å¦å…è®¸å…«çˆªé±¼ç”¨æˆ·ç«¯æ‹æ‘„ç…§ç‰‡å’Œå½•åˆ¶è§†é¢‘\",\"æ˜¯å¦å…è®¸å…«çˆªé±¼ç”¨æˆ·ç«¯æ‹æ‘„ç…§ç‰‡å’Œå½•åˆ¶è§†é¢‘-1\":\"Allowed to use camera?\",\"æ‹’ç»-0\":\"æ‹’ç»\",\"æ‹’ç»-1\":\"No\",\"æ€»æ˜¯å…è®¸-0\":\"æ€»æ˜¯å…è®¸\",\"æ€»æ˜¯å…è®¸-1\":\"Yes\",\"æ‰“å¼€é—ªå…‰ç¯-0\":\"æ‰“å¼€é—ªå…‰ç¯\",\"æ‰“å¼€é—ªå…‰ç¯-1\":\"Flashing Light\",\"ç›¸å†Œ-0\":\"ç›¸å†Œ\",\"ç›¸å†Œ-1\":\"Album\",\"æ‰«ä¸€æ‰«-0\":\"æ‰«ä¸€æ‰«\",\"æ‰«ä¸€æ‰«-1\":\"Scan\",\"æ¡ç å½•å…¥-0\":\"æ¡ç å½•å…¥\",\"æ¡ç å½•å…¥-1\":\"Scan Barcode\",\"æµæ°´çº¿é…ç½®-0\":\"æµæ°´çº¿é…ç½®\",\"æµæ°´çº¿é…ç½®-1\":\"Prod.Line Config.\",\"å·¥ä½é…ç½®-0\":\"å·¥ä½é…ç½®\",\"å·¥ä½é…ç½®-1\":\"Process Config.\",\"SOPé…ç½®-0\":\"SOPé…ç½®\",\"SOPé…ç½®-1\":\"SOP Files Config.\",\"å·¥ä½åç§°-0\":\"å·¥ä½åç§°\",\"å·¥ä½åç§°-1\":\"Process Name\",\"SOPæ–‡ä»¶-0\":\"SOPæ–‡ä»¶\",\"SOPæ–‡ä»¶-1\":\"SOP Files\",\"æœªé€‰æ‹©-0\":\"æœªé€‰æ‹©\",\"æœªé€‰æ‹©-1\":\"Unselected\",\"é…ç½®åç§°-0\":\"é…ç½®åç§°\",\"é…ç½®åç§°-1\":\"Configuration Name\",\"é€‚ç”¨ç¼–ç -0\":\"é€‚ç”¨ç¼–ç \",\"é€‚ç”¨ç¼–ç -1\":\"Apply to P\\/N\",\"SOPåç§°-0\":\"SOPåç§°\",\"SOPåç§°-1\":\"SOP Name\",\"ASOPçœ‹æ¿-0\":\"ASOPçœ‹æ¿\",\"ASOPçœ‹æ¿-1\":\"SOP KanBan\",\"æˆ‘çš„æ”¶è—-0\":\"æˆ‘çš„æ”¶è—\",\"æˆ‘çš„æ”¶è—-1\":\"My Favorites\",\"æ²¡æœ‰ä»»åŠ¡è¶³è¿¹-0\":\"æ²¡æœ‰ä»»åŠ¡è¶³è¿¹\",\"æ²¡æœ‰ä»»åŠ¡è¶³è¿¹-1\":\"No Footprints\",\"æœ€è¿‘æµè§ˆ-0\":\"æœ€è¿‘æµè§ˆ\",\"æœ€è¿‘æµè§ˆ-1\":\"Recently Browse\"}\n',1);
/*!40000 ALTER TABLE `language` ENABLE KEYS */;
UNLOCK TABLES;

--
-- Table structure for table `qrtz_blob_triggers`
--

DROP TABLE IF EXISTS `qrtz_blob_triggers`;
/*!40101 SET @saved_cs_client     = @@character_set_client */;
 SET character_set_client = utf8mb4 ;
CREATE TABLE `qrtz_blob_triggers` (
  `sched_name` varchar(120) NOT NULL,
  `trigger_name` varchar(200) NOT NULL,
  `trigger_group` varchar(200) NOT NULL,
  `blob_data` blob,
  PRIMARY KEY (`sched_name`,`trigger_name`,`trigger_group`),
  CONSTRAINT `qrtz_blob_triggers_ibfk_1` FOREIGN KEY (`sched_name`, `trigger_name`, `trigger_group`) REFERENCES `qrtz_triggers` (`sched_name`, `trigger_name`, `trigger_group`)
) ENGINE=InnoDB DEFAULT CHARSET=utf8;
/*!40101 SET character_set_client = @saved_cs_client */;

--
-- Dumping data for table `qrtz_blob_triggers`
--

LOCK TABLES `qrtz_blob_triggers` WRITE;
/*!40000 ALTER TABLE `qrtz_blob_triggers` DISABLE KEYS */;
/*!40000 ALTER TABLE `qrtz_blob_triggers` ENABLE KEYS */;
UNLOCK TABLES;

--
-- Table structure for table `qrtz_calendars`
--

DROP TABLE IF EXISTS `qrtz_calendars`;
/*!40101 SET @saved_cs_client     = @@character_set_client */;
 SET character_set_client = utf8mb4 ;
CREATE TABLE `qrtz_calendars` (
  `sched_name` varchar(120) NOT NULL,
  `calendar_name` varchar(200) NOT NULL,
  `calendar` blob NOT NULL,
  PRIMARY KEY (`sched_name`,`calendar_name`)
) ENGINE=InnoDB DEFAULT CHARSET=utf8;
/*!40101 SET character_set_client = @saved_cs_client */;

--
-- Dumping data for table `qrtz_calendars`
--

LOCK TABLES `qrtz_calendars` WRITE;
/*!40000 ALTER TABLE `qrtz_calendars` DISABLE KEYS */;
/*!40000 ALTER TABLE `qrtz_calendars` ENABLE KEYS */;
UNLOCK TABLES;

--
-- Table structure for table `qrtz_cron_triggers`
--

DROP TABLE IF EXISTS `qrtz_cron_triggers`;
/*!40101 SET @saved_cs_client     = @@character_set_client */;
 SET character_set_client = utf8mb4 ;
CREATE TABLE `qrtz_cron_triggers` (
  `sched_name` varchar(120) NOT NULL,
  `trigger_name` varchar(200) NOT NULL,
  `trigger_group` varchar(200) NOT NULL,
  `cron_expression` varchar(200) NOT NULL,
  `time_zone_id` varchar(80) DEFAULT NULL,
  PRIMARY KEY (`sched_name`,`trigger_name`,`trigger_group`),
  CONSTRAINT `qrtz_cron_triggers_ibfk_1` FOREIGN KEY (`sched_name`, `trigger_name`, `trigger_group`) REFERENCES `qrtz_triggers` (`sched_name`, `trigger_name`, `trigger_group`)
) ENGINE=InnoDB DEFAULT CHARSET=utf8;
/*!40101 SET character_set_client = @saved_cs_client */;

--
-- Dumping data for table `qrtz_cron_triggers`
--

LOCK TABLES `qrtz_cron_triggers` WRITE;
/*!40000 ALTER TABLE `qrtz_cron_triggers` DISABLE KEYS */;
INSERT INTO `qrtz_cron_triggers` VALUES ('RuoyiScheduler','__TASK_CLASS_NAME__2','DEFAULT','0/20 * * * * ?','Asia/Shanghai'),('RuoyiScheduler','__TASK_CLASS_NAME__4','DEFAULT','0 0/1 * * * ?','Asia/Shanghai');
/*!40000 ALTER TABLE `qrtz_cron_triggers` ENABLE KEYS */;
UNLOCK TABLES;

--
-- Table structure for table `qrtz_fired_triggers`
--

DROP TABLE IF EXISTS `qrtz_fired_triggers`;
/*!40101 SET @saved_cs_client     = @@character_set_client */;
 SET character_set_client = utf8mb4 ;
CREATE TABLE `qrtz_fired_triggers` (
  `sched_name` varchar(120) NOT NULL,
  `entry_id` varchar(95) NOT NULL,
  `trigger_name` varchar(200) NOT NULL,
  `trigger_group` varchar(200) NOT NULL,
  `instance_name` varchar(200) NOT NULL,
  `fired_time` bigint(13) NOT NULL,
  `sched_time` bigint(13) NOT NULL,
  `priority` int(11) NOT NULL,
  `state` varchar(16) NOT NULL,
  `job_name` varchar(200) DEFAULT NULL,
  `job_group` varchar(200) DEFAULT NULL,
  `is_nonconcurrent` varchar(1) DEFAULT NULL,
  `requests_recovery` varchar(1) DEFAULT NULL,
  PRIMARY KEY (`sched_name`,`entry_id`)
) ENGINE=InnoDB DEFAULT CHARSET=utf8;
/*!40101 SET character_set_client = @saved_cs_client */;

--
-- Dumping data for table `qrtz_fired_triggers`
--

LOCK TABLES `qrtz_fired_triggers` WRITE;
/*!40000 ALTER TABLE `qrtz_fired_triggers` DISABLE KEYS */;
/*!40000 ALTER TABLE `qrtz_fired_triggers` ENABLE KEYS */;
UNLOCK TABLES;

--
-- Table structure for table `qrtz_job_details`
--

DROP TABLE IF EXISTS `qrtz_job_details`;
/*!40101 SET @saved_cs_client     = @@character_set_client */;
 SET character_set_client = utf8mb4 ;
CREATE TABLE `qrtz_job_details` (
  `sched_name` varchar(120) NOT NULL,
  `job_name` varchar(200) NOT NULL,
  `job_group` varchar(200) NOT NULL,
  `description` varchar(250) DEFAULT NULL,
  `job_class_name` varchar(250) NOT NULL,
  `is_durable` varchar(1) NOT NULL,
  `is_nonconcurrent` varchar(1) NOT NULL,
  `is_update_data` varchar(1) NOT NULL,
  `requests_recovery` varchar(1) NOT NULL,
  `job_data` blob,
  PRIMARY KEY (`sched_name`,`job_name`,`job_group`)
) ENGINE=InnoDB DEFAULT CHARSET=utf8;
/*!40101 SET character_set_client = @saved_cs_client */;

--
-- Dumping data for table `qrtz_job_details`
--

LOCK TABLES `qrtz_job_details` WRITE;
/*!40000 ALTER TABLE `qrtz_job_details` DISABLE KEYS */;
INSERT INTO `qrtz_job_details` VALUES ('RuoyiScheduler','__TASK_CLASS_NAME__1','DEFAULT',NULL,'com.ruoyi.project.monitor.job.util.ScheduleJob','0','1','0','0',_binary '¬\í\0sr\0org.quartz.JobDataMapŸ°ƒè¿©°\Ë\0\0xr\0&org.quartz.utils.StringKeyDirtyFlagMap‚\è\Ãû\Å](\0Z\0allowsTransientDataxr\0org.quartz.utils.DirtyFlagMap\æ.­(v\n\Î\0Z\0dirtyL\0mapt\0Ljava/util/Map;xpsr\0java.util.HashMap\ÚÁ\Ã`\Ñ\0F\0\nloadFactorI\0	thresholdxp?@\0\0\0\0\0w\0\0\0\0\0\0t\0__TASK_PROPERTIES__sr\0(com.ruoyi.project.monitor.job.domain.Job\0\0\0\0\0\0\0\0L\0cronExpressiont\0Ljava/lang/String;L\0jobGroupq\0~\0	L\0jobIdt\0Ljava/lang/Long;L\0jobNameq\0~\0	L\0\nmethodNameq\0~\0	L\0methodParamsq\0~\0	L\0\rmisfirePolicyq\0~\0	L\0statusq\0~\0	xr\0)com.ruoyi.framework.web.domain.BaseEntity\0\0\0\0\0\0\0\0L\0createByq\0~\0	L\0\ncreateTimet\0Ljava/util/Date;L\0paramsq\0~\0L\0remarkq\0~\0	L\0searchValueq\0~\0	L\0updateByq\0~\0	L\0\nupdateTimeq\0~\0xpt\0adminsr\0java.util.DatehjKYt\0\0xpw\0\0b,\Ş)\àxpt\0\0pppt\00/10 * * * * ?t\0ç³»ç»Ÿé»˜è®¤ï¼ˆæ— å‚ï¼‰sr\0java.lang.Long;‹\äÌ#\ß\0J\0valuexr\0java.lang.Number†¬•”\à‹\0\0xp\0\0\0\0\0\0\0t\0ryTaskt\0\nryNoParamst\0\0t\03t\01x\0'),('RuoyiScheduler','__TASK_CLASS_NAME__2','DEFAULT',NULL,'com.ruoyi.project.monitor.job.util.ScheduleJob','0','1','0','0',_binary '¬\í\0sr\0org.quartz.JobDataMapŸ°ƒè¿©°\Ë\0\0xr\0&org.quartz.utils.StringKeyDirtyFlagMap‚\è\Ãû\Å](\0Z\0allowsTransientDataxr\0org.quartz.utils.DirtyFlagMap\æ.­(v\n\Î\0Z\0dirtyL\0mapt\0Ljava/util/Map;xpsr\0java.util.HashMap\ÚÁ\Ã`\Ñ\0F\0\nloadFactorI\0	thresholdxp?@\0\0\0\0\0w\0\0\0\0\0\0t\0__TASK_PROPERTIES__sr\0(com.ruoyi.project.monitor.job.domain.Job\0\0\0\0\0\0\0\0L\0cronExpressiont\0Ljava/lang/String;L\0jobGroupq\0~\0	L\0jobIdt\0Ljava/lang/Long;L\0jobNameq\0~\0	L\0\nmethodNameq\0~\0	L\0methodParamsq\0~\0	L\0\rmisfirePolicyq\0~\0	L\0statusq\0~\0	xr\0)com.ruoyi.framework.web.domain.BaseEntity\0\0\0\0\0\0\0\0L\0createByq\0~\0	L\0\ncreateTimet\0Ljava/util/Date;L\0paramsq\0~\0L\0remarkq\0~\0	L\0searchValueq\0~\0	L\0updateByq\0~\0	L\0\nupdateTimeq\0~\0xpt\0adminsr\0java.util.DatehjKYt\0\0xpw\0\0b,\Ş)\àxpt\0\0pppt\00/20 * * * * ?t\0ç³»ç»Ÿé»˜è®¤ï¼ˆæœ‰å‚ï¼‰sr\0java.lang.Long;‹\äÌ#\ß\0J\0valuexr\0java.lang.Number†¬•”\à‹\0\0xp\0\0\0\0\0\0\0t\0ryTaskt\0ryParamst\0ryt\03t\01x\0'),('RuoyiScheduler','__TASK_CLASS_NAME__4','DEFAULT',NULL,'com.ruoyi.project.monitor.job.util.ScheduleJob','0','1','0','0',_binary '¬\í\0sr\0org.quartz.JobDataMapŸ°ƒè¿©°\Ë\0\0xr\0&org.quartz.utils.StringKeyDirtyFlagMap‚\è\Ãû\Å](\0Z\0allowsTransientDataxr\0org.quartz.utils.DirtyFlagMap\æ.­(v\n\Î\0Z\0dirtyL\0mapt\0Ljava/util/Map;xpsr\0java.util.HashMap\ÚÁ\Ã`\Ñ\0F\0\nloadFactorI\0	thresholdxp?@\0\0\0\0\0w\0\0\0\0\0\0t\0__TASK_PROPERTIES__sr\0(com.ruoyi.project.monitor.job.domain.Job\0\0\0\0\0\0\0\0L\0cronExpressiont\0Ljava/lang/String;L\0jobGroupq\0~\0	L\0jobIdt\0Ljava/lang/Long;L\0jobNameq\0~\0	L\0\nmethodNameq\0~\0	L\0methodParamsq\0~\0	L\0\rmisfirePolicyq\0~\0	L\0statusq\0~\0	xr\0)com.ruoyi.framework.web.domain.BaseEntity\0\0\0\0\0\0\0\0	L\0createByq\0~\0	L\0\ncreateTimet\0Ljava/util/Date;L\0pageNumt\0Ljava/lang/Integer;L\0pageSizeq\0~\0\rL\0paramsq\0~\0L\0remarkq\0~\0	L\0searchValueq\0~\0	L\0updateByq\0~\0	L\0\nupdateTimeq\0~\0xpt\0adminppppt\0\0pppt\0\r0 0/1 * * * ?t\0ç³»ç»Ÿé»˜è®¤(æ— å‚)sr\0java.lang.Long;‹\äÌ#\ß\0J\0valuexr\0java.lang.Number†¬•”\à‹\0\0xp\0\0\0\0\0\0\0t\0ryTaskt\0\nryNoParamst\0\0t\01t\01x\0');
/*!40000 ALTER TABLE `qrtz_job_details` ENABLE KEYS */;
UNLOCK TABLES;

--
-- Table structure for table `qrtz_locks`
--

DROP TABLE IF EXISTS `qrtz_locks`;
/*!40101 SET @saved_cs_client     = @@character_set_client */;
 SET character_set_client = utf8mb4 ;
CREATE TABLE `qrtz_locks` (
  `sched_name` varchar(120) NOT NULL,
  `lock_name` varchar(40) NOT NULL,
  PRIMARY KEY (`sched_name`,`lock_name`)
) ENGINE=InnoDB DEFAULT CHARSET=utf8;
/*!40101 SET character_set_client = @saved_cs_client */;

--
-- Dumping data for table `qrtz_locks`
--

LOCK TABLES `qrtz_locks` WRITE;
/*!40000 ALTER TABLE `qrtz_locks` DISABLE KEYS */;
INSERT INTO `qrtz_locks` VALUES ('RuoyiScheduler','STATE_ACCESS'),('RuoyiScheduler','TRIGGER_ACCESS');
/*!40000 ALTER TABLE `qrtz_locks` ENABLE KEYS */;
UNLOCK TABLES;

--
-- Table structure for table `qrtz_paused_trigger_grps`
--

DROP TABLE IF EXISTS `qrtz_paused_trigger_grps`;
/*!40101 SET @saved_cs_client     = @@character_set_client */;
 SET character_set_client = utf8mb4 ;
CREATE TABLE `qrtz_paused_trigger_grps` (
  `sched_name` varchar(120) NOT NULL,
  `trigger_group` varchar(200) NOT NULL,
  PRIMARY KEY (`sched_name`,`trigger_group`)
) ENGINE=InnoDB DEFAULT CHARSET=utf8;
/*!40101 SET character_set_client = @saved_cs_client */;

--
-- Dumping data for table `qrtz_paused_trigger_grps`
--

LOCK TABLES `qrtz_paused_trigger_grps` WRITE;
/*!40000 ALTER TABLE `qrtz_paused_trigger_grps` DISABLE KEYS */;
/*!40000 ALTER TABLE `qrtz_paused_trigger_grps` ENABLE KEYS */;
UNLOCK TABLES;

--
-- Table structure for table `qrtz_scheduler_state`
--

DROP TABLE IF EXISTS `qrtz_scheduler_state`;
/*!40101 SET @saved_cs_client     = @@character_set_client */;
 SET character_set_client = utf8mb4 ;
CREATE TABLE `qrtz_scheduler_state` (
  `sched_name` varchar(120) NOT NULL,
  `instance_name` varchar(200) NOT NULL,
  `last_checkin_time` bigint(13) NOT NULL,
  `checkin_interval` bigint(13) NOT NULL,
  PRIMARY KEY (`sched_name`,`instance_name`)
) ENGINE=InnoDB DEFAULT CHARSET=utf8;
/*!40101 SET character_set_client = @saved_cs_client */;

--
-- Dumping data for table `qrtz_scheduler_state`
--

LOCK TABLES `qrtz_scheduler_state` WRITE;
/*!40000 ALTER TABLE `qrtz_scheduler_state` DISABLE KEYS */;
INSERT INTO `qrtz_scheduler_state` VALUES ('RuoyiScheduler','DY-2019032812111574646621918',1574646730484,15000);
/*!40000 ALTER TABLE `qrtz_scheduler_state` ENABLE KEYS */;
UNLOCK TABLES;

--
-- Table structure for table `qrtz_simple_triggers`
--

DROP TABLE IF EXISTS `qrtz_simple_triggers`;
/*!40101 SET @saved_cs_client     = @@character_set_client */;
 SET character_set_client = utf8mb4 ;
CREATE TABLE `qrtz_simple_triggers` (
  `sched_name` varchar(120) NOT NULL,
  `trigger_name` varchar(200) NOT NULL,
  `trigger_group` varchar(200) NOT NULL,
  `repeat_count` bigint(7) NOT NULL,
  `repeat_interval` bigint(12) NOT NULL,
  `times_triggered` bigint(10) NOT NULL,
  PRIMARY KEY (`sched_name`,`trigger_name`,`trigger_group`),
  CONSTRAINT `qrtz_simple_triggers_ibfk_1` FOREIGN KEY (`sched_name`, `trigger_name`, `trigger_group`) REFERENCES `qrtz_triggers` (`sched_name`, `trigger_name`, `trigger_group`)
) ENGINE=InnoDB DEFAULT CHARSET=utf8;
/*!40101 SET character_set_client = @saved_cs_client */;

--
-- Dumping data for table `qrtz_simple_triggers`
--

LOCK TABLES `qrtz_simple_triggers` WRITE;
/*!40000 ALTER TABLE `qrtz_simple_triggers` DISABLE KEYS */;
/*!40000 ALTER TABLE `qrtz_simple_triggers` ENABLE KEYS */;
UNLOCK TABLES;

--
-- Table structure for table `qrtz_simprop_triggers`
--

DROP TABLE IF EXISTS `qrtz_simprop_triggers`;
/*!40101 SET @saved_cs_client     = @@character_set_client */;
 SET character_set_client = utf8mb4 ;
CREATE TABLE `qrtz_simprop_triggers` (
  `sched_name` varchar(120) NOT NULL,
  `trigger_name` varchar(200) NOT NULL,
  `trigger_group` varchar(200) NOT NULL,
  `str_prop_1` varchar(512) DEFAULT NULL,
  `str_prop_2` varchar(512) DEFAULT NULL,
  `str_prop_3` varchar(512) DEFAULT NULL,
  `int_prop_1` int(11) DEFAULT NULL,
  `int_prop_2` int(11) DEFAULT NULL,
  `long_prop_1` bigint(20) DEFAULT NULL,
  `long_prop_2` bigint(20) DEFAULT NULL,
  `dec_prop_1` decimal(13,4) DEFAULT NULL,
  `dec_prop_2` decimal(13,4) DEFAULT NULL,
  `bool_prop_1` varchar(1) DEFAULT NULL,
  `bool_prop_2` varchar(1) DEFAULT NULL,
  PRIMARY KEY (`sched_name`,`trigger_name`,`trigger_group`),
  CONSTRAINT `qrtz_simprop_triggers_ibfk_1` FOREIGN KEY (`sched_name`, `trigger_name`, `trigger_group`) REFERENCES `qrtz_triggers` (`sched_name`, `trigger_name`, `trigger_group`)
) ENGINE=InnoDB DEFAULT CHARSET=utf8;
/*!40101 SET character_set_client = @saved_cs_client */;

--
-- Dumping data for table `qrtz_simprop_triggers`
--

LOCK TABLES `qrtz_simprop_triggers` WRITE;
/*!40000 ALTER TABLE `qrtz_simprop_triggers` DISABLE KEYS */;
/*!40000 ALTER TABLE `qrtz_simprop_triggers` ENABLE KEYS */;
UNLOCK TABLES;

--
-- Table structure for table `qrtz_triggers`
--

DROP TABLE IF EXISTS `qrtz_triggers`;
/*!40101 SET @saved_cs_client     = @@character_set_client */;
 SET character_set_client = utf8mb4 ;
CREATE TABLE `qrtz_triggers` (
  `sched_name` varchar(120) NOT NULL,
  `trigger_name` varchar(200) NOT NULL,
  `trigger_group` varchar(200) NOT NULL,
  `job_name` varchar(200) NOT NULL,
  `job_group` varchar(200) NOT NULL,
  `description` varchar(250) DEFAULT NULL,
  `next_fire_time` bigint(13) DEFAULT NULL,
  `prev_fire_time` bigint(13) DEFAULT NULL,
  `priority` int(11) DEFAULT NULL,
  `trigger_state` varchar(16) NOT NULL,
  `trigger_type` varchar(8) NOT NULL,
  `start_time` bigint(13) NOT NULL,
  `end_time` bigint(13) DEFAULT NULL,
  `calendar_name` varchar(200) DEFAULT NULL,
  `misfire_instr` smallint(2) DEFAULT NULL,
  `job_data` blob,
  PRIMARY KEY (`sched_name`,`trigger_name`,`trigger_group`),
  KEY `sched_name` (`sched_name`,`job_name`,`job_group`),
  CONSTRAINT `qrtz_triggers_ibfk_1` FOREIGN KEY (`sched_name`, `job_name`, `job_group`) REFERENCES `qrtz_job_details` (`sched_name`, `job_name`, `job_group`)
) ENGINE=InnoDB DEFAULT CHARSET=utf8;
/*!40101 SET character_set_client = @saved_cs_client */;

--
-- Dumping data for table `qrtz_triggers`
--

LOCK TABLES `qrtz_triggers` WRITE;
/*!40000 ALTER TABLE `qrtz_triggers` DISABLE KEYS */;
INSERT INTO `qrtz_triggers` VALUES ('RuoyiScheduler','__TASK_CLASS_NAME__1','DEFAULT','__TASK_CLASS_NAME__1','DEFAULT',NULL,1548855960000,-1,5,'PAUSED','CRON',1548855955000,0,NULL,2,_binary '¬\í\0sr\0org.quartz.JobDataMapŸ°ƒè¿©°\Ë\0\0xr\0&org.quartz.utils.StringKeyDirtyFlagMap‚\è\Ãû\Å](\0Z\0allowsTransientDataxr\0org.quartz.utils.DirtyFlagMap\æ.­(v\n\Î\0Z\0dirtyL\0mapt\0Ljava/util/Map;xpsr\0java.util.HashMap\ÚÁ\Ã`\Ñ\0F\0\nloadFactorI\0	thresholdxp?@\0\0\0\0\0w\0\0\0\0\0\0t\0__TASK_PROPERTIES__sr\0(com.ruoyi.project.monitor.job.domain.Job\0\0\0\0\0\0\0\0L\0cronExpressiont\0Ljava/lang/String;L\0jobGroupq\0~\0	L\0jobIdt\0Ljava/lang/Long;L\0jobNameq\0~\0	L\0\nmethodNameq\0~\0	L\0methodParamsq\0~\0	L\0\rmisfirePolicyq\0~\0	L\0statusq\0~\0	xr\0)com.ruoyi.framework.web.domain.BaseEntity\0\0\0\0\0\0\0\0L\0createByq\0~\0	L\0\ncreateTimet\0Ljava/util/Date;L\0paramsq\0~\0L\0remarkq\0~\0	L\0searchValueq\0~\0	L\0updateByq\0~\0	L\0\nupdateTimeq\0~\0xpt\0adminsr\0java.util.DatehjKYt\0\0xpw\0\0b,\Ş)\àxpt\0\0pppt\00/10 * * * * ?t\0ç³»ç»Ÿé»˜è®¤ï¼ˆæ— å‚ï¼‰sr\0java.lang.Long;‹\äÌ#\ß\0J\0valuexr\0java.lang.Number†¬•”\à‹\0\0xp\0\0\0\0\0\0\0t\0ryTaskt\0\nryNoParamst\0\0t\03t\01x\0'),('RuoyiScheduler','__TASK_CLASS_NAME__2','DEFAULT','__TASK_CLASS_NAME__2','DEFAULT',NULL,1548855960000,-1,5,'PAUSED','CRON',1548855955000,0,NULL,2,_binary '¬\í\0sr\0org.quartz.JobDataMapŸ°ƒè¿©°\Ë\0\0xr\0&org.quartz.utils.StringKeyDirtyFlagMap‚\è\Ãû\Å](\0Z\0allowsTransientDataxr\0org.quartz.utils.DirtyFlagMap\æ.­(v\n\Î\0Z\0dirtyL\0mapt\0Ljava/util/Map;xpsr\0java.util.HashMap\ÚÁ\Ã`\Ñ\0F\0\nloadFactorI\0	thresholdxp?@\0\0\0\0\0w\0\0\0\0\0\0t\0__TASK_PROPERTIES__sr\0(com.ruoyi.project.monitor.job.domain.Job\0\0\0\0\0\0\0\0L\0cronExpressiont\0Ljava/lang/String;L\0jobGroupq\0~\0	L\0jobIdt\0Ljava/lang/Long;L\0jobNameq\0~\0	L\0\nmethodNameq\0~\0	L\0methodParamsq\0~\0	L\0\rmisfirePolicyq\0~\0	L\0statusq\0~\0	xr\0)com.ruoyi.framework.web.domain.BaseEntity\0\0\0\0\0\0\0\0L\0createByq\0~\0	L\0\ncreateTimet\0Ljava/util/Date;L\0paramsq\0~\0L\0remarkq\0~\0	L\0searchValueq\0~\0	L\0updateByq\0~\0	L\0\nupdateTimeq\0~\0xpt\0adminsr\0java.util.DatehjKYt\0\0xpw\0\0b,\Ş)\àxpt\0\0pppt\00/20 * * * * ?t\0ç³»ç»Ÿé»˜è®¤ï¼ˆæœ‰å‚ï¼‰sr\0java.lang.Long;‹\äÌ#\ß\0J\0valuexr\0java.lang.Number†¬•”\à‹\0\0xp\0\0\0\0\0\0\0t\0ryTaskt\0ryParamst\0ryt\03t\01x\0'),('RuoyiScheduler','__TASK_CLASS_NAME__4','DEFAULT','__TASK_CLASS_NAME__4','DEFAULT',NULL,1571192580000,1571192520000,5,'PAUSED','CRON',1571192446000,0,NULL,-1,'');
/*!40000 ALTER TABLE `qrtz_triggers` ENABLE KEYS */;
UNLOCK TABLES;

--
-- Table structure for table `sys_config`
--

DROP TABLE IF EXISTS `sys_config`;
/*!40101 SET @saved_cs_client     = @@character_set_client */;
 SET character_set_client = utf8mb4 ;
CREATE TABLE `sys_config` (
  `config_id` int(5) NOT NULL AUTO_INCREMENT COMMENT 'å‚æ•°ä¸»é”®',
  `config_name` varchar(100) DEFAULT '' COMMENT 'å‚æ•°åç§°',
  `config_key` varchar(100) DEFAULT '' COMMENT 'å‚æ•°é”®å',
  `config_value` varchar(100) DEFAULT '' COMMENT 'å‚æ•°é”®å€¼',
  `config_type` char(1) DEFAULT 'N' COMMENT 'ç³»ç»Ÿå†…ç½®ï¼ˆYæ˜¯ Nå¦ï¼‰',
  `create_by` varchar(64) DEFAULT '' COMMENT 'åˆ›å»ºè€…',
  `create_time` datetime DEFAULT NULL COMMENT 'åˆ›å»ºæ—¶é—´',
  `update_by` varchar(64) DEFAULT '' COMMENT 'æ›´æ–°è€…',
  `update_time` datetime DEFAULT NULL COMMENT 'æ›´æ–°æ—¶é—´',
  `remark` varchar(500) DEFAULT NULL COMMENT 'å¤‡æ³¨',
  PRIMARY KEY (`config_id`)
) ENGINE=InnoDB AUTO_INCREMENT=3 DEFAULT CHARSET=utf8 COMMENT='å‚æ•°é…ç½®è¡¨';
/*!40101 SET character_set_client = @saved_cs_client */;

--
-- Dumping data for table `sys_config`
--

LOCK TABLES `sys_config` WRITE;
/*!40000 ALTER TABLE `sys_config` DISABLE KEYS */;
INSERT INTO `sys_config` VALUES (1,'ä¸»æ¡†æ¶é¡µ-é»˜è®¤çš®è‚¤æ ·å¼åç§°','sys.index.skinName','skin-blue','Y','admin','2018-03-16 11:33:00','ry','2018-03-16 11:33:00','è“è‰² skin-blueã€ç»¿è‰² skin-greenã€ç´«è‰² skin-purpleã€çº¢è‰² skin-redã€é»„è‰² skin-yellow'),(2,'ç”¨æˆ·ç®¡ç†-è´¦å·åˆå§‹å¯†ç ','sys.user.initPassword','123456','Y','admin','2018-03-16 11:33:00','ry','2018-03-16 11:33:00','åˆå§‹åŒ–å¯†ç  123456');
/*!40000 ALTER TABLE `sys_config` ENABLE KEYS */;
UNLOCK TABLES;

--
-- Table structure for table `sys_dept`
--

DROP TABLE IF EXISTS `sys_dept`;
/*!40101 SET @saved_cs_client     = @@character_set_client */;
 SET character_set_client = utf8mb4 ;
CREATE TABLE `sys_dept` (
  `dept_id` int(11) NOT NULL AUTO_INCREMENT COMMENT 'éƒ¨é—¨id',
  `parent_id` int(11) DEFAULT '0' COMMENT 'çˆ¶éƒ¨é—¨id',
  `ancestors` varchar(50) DEFAULT '' COMMENT 'ç¥–çº§åˆ—è¡¨',
  `dept_name` varchar(30) DEFAULT '' COMMENT 'éƒ¨é—¨åç§°',
  `order_num` int(4) DEFAULT '0' COMMENT 'æ˜¾ç¤ºé¡ºåº',
  `leader` varchar(20) DEFAULT NULL COMMENT 'è´Ÿè´£äºº',
  `phone` varchar(11) DEFAULT NULL COMMENT 'è”ç³»ç”µè¯',
  `email` varchar(50) DEFAULT NULL COMMENT 'é‚®ç®±',
  `status` char(1) DEFAULT '0' COMMENT 'éƒ¨é—¨çŠ¶æ€ï¼ˆ0æ­£å¸¸ 1åœç”¨ï¼‰',
  `del_flag` char(1) DEFAULT '0' COMMENT 'åˆ é™¤æ ‡å¿—ï¼ˆ0ä»£è¡¨å­˜åœ¨ 2ä»£è¡¨åˆ é™¤ï¼‰',
  `create_by` varchar(64) DEFAULT '' COMMENT 'åˆ›å»ºè€…',
  `create_time` datetime DEFAULT NULL COMMENT 'åˆ›å»ºæ—¶é—´',
  `update_by` varchar(64) DEFAULT '' COMMENT 'æ›´æ–°è€…',
  `update_time` datetime DEFAULT NULL COMMENT 'æ›´æ–°æ—¶é—´',
  PRIMARY KEY (`dept_id`)
) ENGINE=InnoDB DEFAULT CHARSET=utf8 COMMENT='éƒ¨é—¨è¡¨';
/*!40101 SET character_set_client = @saved_cs_client */;

--
-- Dumping data for table `sys_dept`
--

LOCK TABLES `sys_dept` WRITE;
/*!40000 ALTER TABLE `sys_dept` DISABLE KEYS */;
/*!40000 ALTER TABLE `sys_dept` ENABLE KEYS */;
UNLOCK TABLES;

--
-- Table structure for table `sys_dict_data`
--

DROP TABLE IF EXISTS `sys_dict_data`;
/*!40101 SET @saved_cs_client     = @@character_set_client */;
 SET character_set_client = utf8mb4 ;
CREATE TABLE `sys_dict_data` (
  `dict_code` int(11) NOT NULL AUTO_INCREMENT COMMENT 'å­—å…¸ç¼–ç ',
  `dict_sort` int(4) DEFAULT '0' COMMENT 'å­—å…¸æ’åº',
  `dict_label` varchar(100) DEFAULT '' COMMENT 'å­—å…¸æ ‡ç­¾',
  `dict_value` varchar(100) DEFAULT '' COMMENT 'å­—å…¸é”®å€¼',
  `dict_type` varchar(100) DEFAULT '' COMMENT 'å­—å…¸ç±»å‹',
  `css_class` varchar(100) DEFAULT NULL COMMENT 'æ ·å¼å±æ€§ï¼ˆå…¶ä»–æ ·å¼æ‰©å±•ï¼‰',
  `list_class` varchar(100) DEFAULT NULL COMMENT 'è¡¨æ ¼å›æ˜¾æ ·å¼',
  `is_default` char(1) DEFAULT 'N' COMMENT 'æ˜¯å¦é»˜è®¤ï¼ˆYæ˜¯ Nå¦ï¼‰',
  `status` char(1) DEFAULT '0' COMMENT 'çŠ¶æ€ï¼ˆ0æ­£å¸¸ 1åœç”¨ï¼‰',
  `create_by` varchar(64) DEFAULT '' COMMENT 'åˆ›å»ºè€…',
  `create_time` datetime DEFAULT NULL COMMENT 'åˆ›å»ºæ—¶é—´',
  `update_by` varchar(64) DEFAULT '' COMMENT 'æ›´æ–°è€…',
  `update_time` datetime DEFAULT NULL COMMENT 'æ›´æ–°æ—¶é—´',
  `remark` varchar(500) DEFAULT NULL COMMENT 'å¤‡æ³¨',
  PRIMARY KEY (`dict_code`)
) ENGINE=InnoDB AUTO_INCREMENT=27 DEFAULT CHARSET=utf8 COMMENT='å­—å…¸æ•°æ®è¡¨';
/*!40101 SET character_set_client = @saved_cs_client */;

--
-- Dumping data for table `sys_dict_data`
--

LOCK TABLES `sys_dict_data` WRITE;
/*!40000 ALTER TABLE `sys_dict_data` DISABLE KEYS */;
INSERT INTO `sys_dict_data` VALUES (1,1,'ç”·','0','sys_user_sex','','','Y','0','admin','2018-03-16 11:33:00','ry','2018-03-16 11:33:00','æ€§åˆ«ç”·'),(2,2,'å¥³','1','sys_user_sex','','','N','0','admin','2018-03-16 11:33:00','ry','2018-03-16 11:33:00','æ€§åˆ«å¥³'),(3,3,'æœªçŸ¥','2','sys_user_sex','','','N','0','admin','2018-03-16 11:33:00','ry','2018-03-16 11:33:00','æ€§åˆ«æœªçŸ¥'),(4,1,'æ˜¾ç¤º','0','sys_show_hide','','primary','Y','0','admin','2018-03-16 11:33:00','ry','2018-03-16 11:33:00','æ˜¾ç¤ºèœå•'),(5,2,'éšè—','1','sys_show_hide','','danger','N','0','admin','2018-03-16 11:33:00','ry','2018-03-16 11:33:00','éšè—èœå•'),(6,1,'æ­£å¸¸','0','sys_normal_disable','','primary','Y','0','admin','2018-03-16 11:33:00','ry','2018-03-16 11:33:00','æ­£å¸¸çŠ¶æ€'),(7,2,'åœç”¨','1','sys_normal_disable','','danger','N','0','admin','2018-03-16 11:33:00','ry','2018-03-16 11:33:00','åœç”¨çŠ¶æ€'),(8,1,'æ­£å¸¸','0','sys_job_status','','primary','Y','0','admin','2018-03-16 11:33:00','ry','2018-03-16 11:33:00','æ­£å¸¸çŠ¶æ€'),(9,2,'æš‚åœ','1','sys_job_status','','danger','N','0','admin','2018-03-16 11:33:00','ry','2018-03-16 11:33:00','åœç”¨çŠ¶æ€'),(10,1,'æ˜¯','Y','sys_yes_no','','primary','Y','0','admin','2018-03-16 11:33:00','ry','2018-03-16 11:33:00','ç³»ç»Ÿé»˜è®¤æ˜¯'),(11,2,'å¦','N','sys_yes_no','','danger','N','0','admin','2018-03-16 11:33:00','ry','2018-03-16 11:33:00','ç³»ç»Ÿé»˜è®¤å¦'),(12,1,'é€šçŸ¥','1','sys_notice_type','','warning','Y','0','admin','2018-03-16 11:33:00','ry','2018-03-16 11:33:00','é€šçŸ¥'),(13,2,'å…¬å‘Š','2','sys_notice_type','','success','N','0','admin','2018-03-16 11:33:00','ry','2018-03-16 11:33:00','å…¬å‘Š'),(14,1,'æ­£å¸¸','0','sys_notice_status','','primary','Y','0','admin','2018-03-16 11:33:00','ry','2018-03-16 11:33:00','æ­£å¸¸çŠ¶æ€'),(15,2,'å…³é—­','1','sys_notice_status','','danger','N','0','admin','2018-03-16 11:33:00','ry','2018-03-16 11:33:00','å…³é—­çŠ¶æ€'),(16,1,'æ–°å¢','1','sys_oper_type','','info','N','0','admin','2018-03-16 11:33:00','ry','2018-03-16 11:33:00','æ–°å¢æ“ä½œ'),(17,2,'ä¿®æ”¹','2','sys_oper_type','','info','N','0','admin','2018-03-16 11:33:00','ry','2018-03-16 11:33:00','ä¿®æ”¹æ“ä½œ'),(18,3,'åˆ é™¤','3','sys_oper_type','','danger','N','0','admin','2018-03-16 11:33:00','ry','2018-03-16 11:33:00','åˆ é™¤æ“ä½œ'),(19,4,'æˆæƒ','4','sys_oper_type','','primary','N','0','admin','2018-03-16 11:33:00','ry','2018-03-16 11:33:00','æˆæƒæ“ä½œ'),(20,5,'å¯¼å‡º','5','sys_oper_type','','warning','N','0','admin','2018-03-16 11:33:00','ry','2018-03-16 11:33:00','å¯¼å‡ºæ“ä½œ'),(21,6,'å¯¼å…¥','6','sys_oper_type','','warning','N','0','admin','2018-03-16 11:33:00','ry','2018-03-16 11:33:00','å¯¼å…¥æ“ä½œ'),(22,7,'å¼ºé€€','7','sys_oper_type','','danger','N','0','admin','2018-03-16 11:33:00','ry','2018-03-16 11:33:00','å¼ºé€€æ“ä½œ'),(23,8,'ç”Ÿæˆä»£ç ','8','sys_oper_type','','warning','N','0','admin','2018-03-16 11:33:00','ry','2018-03-16 11:33:00','ç”Ÿæˆæ“ä½œ'),(24,8,'æ¸…ç©ºæ•°æ®','9','sys_oper_type','','danger','N','0','admin','2018-03-16 11:33:00','ry','2018-03-16 11:33:00','æ¸…ç©ºæ“ä½œ'),(25,1,'æˆåŠŸ','0','sys_common_status','','primary','N','0','admin','2018-03-16 11:33:00','ry','2018-03-16 11:33:00','æ­£å¸¸çŠ¶æ€'),(26,2,'å¤±è´¥','1','sys_common_status','','danger','N','0','admin','2018-03-16 11:33:00','ry','2018-03-16 11:33:00','åœç”¨çŠ¶æ€');
/*!40000 ALTER TABLE `sys_dict_data` ENABLE KEYS */;
UNLOCK TABLES;

--
-- Table structure for table `sys_dict_type`
--

DROP TABLE IF EXISTS `sys_dict_type`;
/*!40101 SET @saved_cs_client     = @@character_set_client */;
 SET character_set_client = utf8mb4 ;
CREATE TABLE `sys_dict_type` (
  `dict_id` int(11) NOT NULL AUTO_INCREMENT COMMENT 'å­—å…¸ä¸»é”®',
  `dict_name` varchar(100) DEFAULT '' COMMENT 'å­—å…¸åç§°',
  `dict_type` varchar(100) DEFAULT '' COMMENT 'å­—å…¸ç±»å‹',
  `status` char(1) DEFAULT '0' COMMENT 'çŠ¶æ€ï¼ˆ0æ­£å¸¸ 1åœç”¨ï¼‰',
  `create_by` varchar(64) DEFAULT '' COMMENT 'åˆ›å»ºè€…',
  `create_time` datetime DEFAULT NULL COMMENT 'åˆ›å»ºæ—¶é—´',
  `update_by` varchar(64) DEFAULT '' COMMENT 'æ›´æ–°è€…',
  `update_time` datetime DEFAULT NULL COMMENT 'æ›´æ–°æ—¶é—´',
  `remark` varchar(500) DEFAULT NULL COMMENT 'å¤‡æ³¨',
  PRIMARY KEY (`dict_id`),
  UNIQUE KEY `dict_type` (`dict_type`)
) ENGINE=InnoDB AUTO_INCREMENT=10 DEFAULT CHARSET=utf8 COMMENT='å­—å…¸ç±»å‹è¡¨';
/*!40101 SET character_set_client = @saved_cs_client */;

--
-- Dumping data for table `sys_dict_type`
--

LOCK TABLES `sys_dict_type` WRITE;
/*!40000 ALTER TABLE `sys_dict_type` DISABLE KEYS */;
INSERT INTO `sys_dict_type` VALUES (1,'ç”¨æˆ·æ€§åˆ«','sys_user_sex','0','admin','2018-03-16 11:33:00','ry','2018-03-16 11:33:00','ç”¨æˆ·æ€§åˆ«åˆ—è¡¨'),(2,'èœå•çŠ¶æ€','sys_show_hide','0','admin','2018-03-16 11:33:00','ry','2018-03-16 11:33:00','èœå•çŠ¶æ€åˆ—è¡¨'),(3,'ç³»ç»Ÿå¼€å…³','sys_normal_disable','0','admin','2018-03-16 11:33:00','ry','2018-03-16 11:33:00','ç³»ç»Ÿå¼€å…³åˆ—è¡¨'),(4,'ä»»åŠ¡çŠ¶æ€','sys_job_status','0','admin','2018-03-16 11:33:00','ry','2018-03-16 11:33:00','ä»»åŠ¡çŠ¶æ€åˆ—è¡¨'),(5,'ç³»ç»Ÿæ˜¯å¦','sys_yes_no','0','admin','2018-03-16 11:33:00','ry','2018-03-16 11:33:00','ç³»ç»Ÿæ˜¯å¦åˆ—è¡¨'),(6,'é€šçŸ¥ç±»å‹','sys_notice_type','0','admin','2018-03-16 11:33:00','ry','2018-03-16 11:33:00','é€šçŸ¥ç±»å‹åˆ—è¡¨'),(7,'é€šçŸ¥çŠ¶æ€','sys_notice_status','0','admin','2018-03-16 11:33:00','ry','2018-03-16 11:33:00','é€šçŸ¥çŠ¶æ€åˆ—è¡¨'),(8,'æ“ä½œç±»å‹','sys_oper_type','0','admin','2018-03-16 11:33:00','ry','2018-03-16 11:33:00','æ“ä½œç±»å‹åˆ—è¡¨'),(9,'ç³»ç»ŸçŠ¶æ€','sys_common_status','0','admin','2018-03-16 11:33:00','ry','2018-03-16 11:33:00','ç™»å½•çŠ¶æ€åˆ—è¡¨');
/*!40000 ALTER TABLE `sys_dict_type` ENABLE KEYS */;
UNLOCK TABLES;

--
-- Table structure for table `sys_job`
--

DROP TABLE IF EXISTS `sys_job`;
/*!40101 SET @saved_cs_client     = @@character_set_client */;
 SET character_set_client = utf8mb4 ;
CREATE TABLE `sys_job` (
  `job_id` int(11) NOT NULL AUTO_INCREMENT COMMENT 'ä»»åŠ¡ID',
  `job_name` varchar(64) NOT NULL DEFAULT '' COMMENT 'ä»»åŠ¡åç§°',
  `job_group` varchar(64) NOT NULL DEFAULT '' COMMENT 'ä»»åŠ¡ç»„å',
  `method_name` varchar(500) DEFAULT '' COMMENT 'ä»»åŠ¡æ–¹æ³•',
  `method_params` varchar(50) DEFAULT NULL COMMENT 'æ–¹æ³•å‚æ•°',
  `cron_expression` varchar(255) DEFAULT '' COMMENT 'cronæ‰§è¡Œè¡¨è¾¾å¼',
  `misfire_policy` varchar(20) DEFAULT '3' COMMENT 'è®¡åˆ’æ‰§è¡Œé”™è¯¯ç­–ç•¥ï¼ˆ1ç«‹å³æ‰§è¡Œ 2æ‰§è¡Œä¸€æ¬¡ 3æ”¾å¼ƒæ‰§è¡Œï¼‰',
  `status` char(1) DEFAULT '0' COMMENT 'çŠ¶æ€ï¼ˆ0æ­£å¸¸ 1æš‚åœï¼‰',
  `create_by` varchar(64) DEFAULT '' COMMENT 'åˆ›å»ºè€…',
  `create_time` datetime DEFAULT NULL COMMENT 'åˆ›å»ºæ—¶é—´',
  `update_by` varchar(64) DEFAULT '' COMMENT 'æ›´æ–°è€…',
  `update_time` datetime DEFAULT NULL COMMENT 'æ›´æ–°æ—¶é—´',
  `remark` varchar(500) DEFAULT '' COMMENT 'å¤‡æ³¨ä¿¡æ¯',
  PRIMARY KEY (`job_id`,`job_name`,`job_group`)
) ENGINE=InnoDB AUTO_INCREMENT=7 DEFAULT CHARSET=utf8 COMMENT='å®šæ—¶ä»»åŠ¡è°ƒåº¦è¡¨';
/*!40101 SET character_set_client = @saved_cs_client */;

--
-- Dumping data for table `sys_job`
--

LOCK TABLES `sys_job` WRITE;
/*!40000 ALTER TABLE `sys_job` DISABLE KEYS */;
INSERT INTO `sys_job` VALUES (2,'ryTask','ç³»ç»Ÿé»˜è®¤ï¼ˆæœ‰å‚ï¼‰','ryParams','ry','0/20 * * * * ?','3','1','admin','2018-03-16 11:33:00','ry','2018-03-16 11:33:00',''),(4,'ryTask','ç³»ç»Ÿé»˜è®¤(æ— å‚)','ryNoParams',NULL,'0 0/1 * * * ?','0','1','admin','2019-10-16 10:20:46','admin','2019-10-16 10:22:05','');
/*!40000 ALTER TABLE `sys_job` ENABLE KEYS */;
UNLOCK TABLES;

--
-- Table structure for table `sys_job_log`
--

DROP TABLE IF EXISTS `sys_job_log`;
/*!40101 SET @saved_cs_client     = @@character_set_client */;
 SET character_set_client = utf8mb4 ;
CREATE TABLE `sys_job_log` (
  `job_log_id` int(11) NOT NULL AUTO_INCREMENT COMMENT 'ä»»åŠ¡æ—¥å¿—ID',
  `job_name` varchar(64) NOT NULL COMMENT 'ä»»åŠ¡åç§°',
  `job_group` varchar(64) NOT NULL COMMENT 'ä»»åŠ¡ç»„å',
  `method_name` varchar(500) DEFAULT NULL COMMENT 'ä»»åŠ¡æ–¹æ³•',
  `method_params` varchar(50) DEFAULT NULL COMMENT 'æ–¹æ³•å‚æ•°',
  `job_message` varchar(500) DEFAULT NULL COMMENT 'æ—¥å¿—ä¿¡æ¯',
  `status` char(1) DEFAULT '0' COMMENT 'æ‰§è¡ŒçŠ¶æ€ï¼ˆ0æ­£å¸¸ 1å¤±è´¥ï¼‰',
  `exception_info` varchar(2000) DEFAULT '' COMMENT 'å¼‚å¸¸ä¿¡æ¯',
  `create_time` datetime DEFAULT NULL COMMENT 'åˆ›å»ºæ—¶é—´',
  PRIMARY KEY (`job_log_id`)
) ENGINE=InnoDB DEFAULT CHARSET=utf8 COMMENT='å®šæ—¶ä»»åŠ¡è°ƒåº¦æ—¥å¿—è¡¨';
/*!40101 SET character_set_client = @saved_cs_client */;

--
-- Dumping data for table `sys_job_log`
--

LOCK TABLES `sys_job_log` WRITE;
/*!40000 ALTER TABLE `sys_job_log` DISABLE KEYS */;
/*!40000 ALTER TABLE `sys_job_log` ENABLE KEYS */;
UNLOCK TABLES;

--
-- Table structure for table `sys_logininfor`
--

DROP TABLE IF EXISTS `sys_logininfor`;
/*!40101 SET @saved_cs_client     = @@character_set_client */;
 SET character_set_client = utf8mb4 ;
CREATE TABLE `sys_logininfor` (
  `info_id` int(11) NOT NULL AUTO_INCREMENT COMMENT 'è®¿é—®ID',
  `login_name` varchar(50) DEFAULT '' COMMENT 'ç™»å½•è´¦å·',
  `ipaddr` varchar(50) DEFAULT '' COMMENT 'ç™»å½•IPåœ°å€',
  `login_location` varchar(255) DEFAULT '' COMMENT 'ç™»å½•åœ°ç‚¹',
  `browser` varchar(50) DEFAULT '' COMMENT 'æµè§ˆå™¨ç±»å‹',
  `os` varchar(50) DEFAULT '' COMMENT 'æ“ä½œç³»ç»Ÿ',
  `status` char(1) DEFAULT '0' COMMENT 'ç™»å½•çŠ¶æ€ï¼ˆ0æˆåŠŸ 1å¤±è´¥ï¼‰',
  `msg` varchar(255) DEFAULT '' COMMENT 'æç¤ºæ¶ˆæ¯',
  `login_time` datetime DEFAULT NULL COMMENT 'è®¿é—®æ—¶é—´',
  PRIMARY KEY (`info_id`)
) ENGINE=InnoDB DEFAULT CHARSET=utf8 COMMENT='ç³»ç»Ÿè®¿é—®è®°å½•';
/*!40101 SET character_set_client = @saved_cs_client */;

--
-- Dumping data for table `sys_logininfor`
--

LOCK TABLES `sys_logininfor` WRITE;
/*!40000 ALTER TABLE `sys_logininfor` DISABLE KEYS */;
/*!40000 ALTER TABLE `sys_logininfor` ENABLE KEYS */;
UNLOCK TABLES;

--
-- Table structure for table `sys_menu`
--

DROP TABLE IF EXISTS `sys_menu`;
/*!40101 SET @saved_cs_client     = @@character_set_client */;
 SET character_set_client = utf8mb4 ;
CREATE TABLE `sys_menu` (
  `menu_id` int(11) NOT NULL AUTO_INCREMENT COMMENT 'èœå•ID',
  `menu_name` varchar(50) NOT NULL COMMENT 'èœå•åç§°',
  `parent_id` int(11) DEFAULT '0' COMMENT 'çˆ¶èœå•ID',
  `order_num` int(4) DEFAULT '0' COMMENT 'æ˜¾ç¤ºé¡ºåº',
  `url` varchar(200) DEFAULT '#' COMMENT 'è¯·æ±‚åœ°å€',
  `menu_type` char(1) DEFAULT '' COMMENT 'èœå•ç±»å‹ï¼ˆMç›®å½• Cèœå• FæŒ‰é’®ï¼‰',
  `visible` char(1) DEFAULT '0' COMMENT 'èœå•çŠ¶æ€ï¼ˆ0æ˜¾ç¤º 1éšè—ï¼‰',
  `perms` varchar(100) DEFAULT NULL COMMENT 'æƒé™æ ‡è¯†',
  `icon` varchar(100) DEFAULT '#' COMMENT 'èœå•å›¾æ ‡',
  `create_by` varchar(64) DEFAULT '' COMMENT 'åˆ›å»ºè€…',
  `create_time` datetime DEFAULT NULL COMMENT 'åˆ›å»ºæ—¶é—´',
  `update_by` varchar(64) DEFAULT '' COMMENT 'æ›´æ–°è€…',
  `update_time` datetime DEFAULT NULL COMMENT 'æ›´æ–°æ—¶é—´',
  `remark` varchar(500) DEFAULT '' COMMENT 'å¤‡æ³¨',
  `app_sign` int(11) DEFAULT '0' COMMENT 'appæ˜¯å¦å±•ç¤ºæ ‡è¯†(0ã€é»˜è®¤å€¼ä¸å±•ç¤ºï¼Œ1ã€å±•ç¤º)',
  `menu_tag` int(11) DEFAULT '0' COMMENT 'èœå•ç³»ç»Ÿæƒé™(0ã€å…±æœ‰ï¼Œ1ã€asopä¸“ç”¨ï¼Œ2ã€mesä¸“æœ‰ï¼Œ3ã€çœ‹æ¿ä¸“æœ‰)',
  PRIMARY KEY (`menu_id`)
) ENGINE=InnoDB AUTO_INCREMENT=1513 DEFAULT CHARSET=utf8 COMMENT='èœå•æƒé™è¡¨';
/*!40101 SET character_set_client = @saved_cs_client */;

--
-- Dumping data for table `sys_menu`
--

LOCK TABLES `sys_menu` WRITE;
/*!40000 ALTER TABLE `sys_menu` DISABLE KEYS */;
INSERT INTO `sys_menu` VALUES (1,'åå°ç®¡ç†',0,1,'#','M','0','','fa fa-gear','admin','2018-03-16 11:33:00','admin','2019-04-23 14:04:31','ç³»ç»Ÿç®¡ç†ç›®å½•',1,0),(2,'ç³»ç»Ÿç›‘æ§',0,2,'#','M','0','','fa fa-video-camera','admin','2018-03-16 11:33:00','admin','2019-04-28 17:53:33','ç³»ç»Ÿç›‘æ§ç›®å½•',0,0),(100,'ç”¨æˆ·ç®¡ç†',1,1,'/system/user','C','0','system:user:view','#','admin','2018-03-16 11:33:00','ry','2018-03-16 11:33:00','ç”¨æˆ·ç®¡ç†èœå•',1,0),(101,'è§’è‰²åˆ†é…',1,2,'/system/role','C','0','system:role:view','#','admin','2018-03-16 11:33:00','admin','2019-04-23 14:05:34','è§’è‰²ç®¡ç†èœå•',0,0),(102,'èœå•ç®¡ç†',1,3,'/system/menu','C','0','system:menu:view','#','admin','2018-03-16 11:33:00','ry','2018-03-16 11:33:00','èœå•ç®¡ç†èœå•',0,0),(111,'æ•°æ®ç›‘æ§',2,3,'/monitor/data','C','0','monitor:data:view','#','admin','2018-03-16 11:33:00','ry','2018-03-16 11:33:00','æ•°æ®ç›‘æ§èœå•',0,0),(112,'æœåŠ¡ç›‘æ§',2,3,'/monitor/server','C','0','monitor:server:view','#','admin','2018-03-16 11:33:00','ry','2018-03-16 11:33:00','æœåŠ¡ç›‘æ§èœå•',0,0),(1000,'ç”¨æˆ·æŸ¥è¯¢',100,1,'#','F','0','system:user:list','#','admin','2018-03-16 11:33:00','ry','2018-03-16 11:33:00','',0,0),(1001,'ç”¨æˆ·æ–°å¢',100,2,'#','F','0','system:user:add','#','admin','2018-03-16 11:33:00','ry','2018-03-16 11:33:00','',0,0),(1002,'ç”¨æˆ·ä¿®æ”¹',100,3,'#','F','0','system:user:edit','#','admin','2018-03-16 11:33:00','ry','2018-03-16 11:33:00','',0,0),(1003,'ç”¨æˆ·åˆ é™¤',100,4,'#','F','0','system:user:remove','#','admin','2018-03-16 11:33:00','ry','2018-03-16 11:33:00','',0,0),(1004,'ç”¨æˆ·å¯¼å‡º',100,5,'#','F','0','system:user:export','#','admin','2018-03-16 11:33:00','admin','2019-04-03 08:51:19','',0,0),(1005,'ç”¨æˆ·å¯¼å…¥',100,6,'#','F','0','system:user:import','#','admin','2018-03-16 11:33:00','ry','2018-03-16 11:33:00','',0,0),(1006,'é‡ç½®å¯†ç ',100,7,'#','F','0','system:user:resetPwd','#','admin','2018-03-16 11:33:00','ry','2018-03-16 11:33:00','',0,0),(1007,'è§’è‰²æŸ¥è¯¢',101,1,'#','F','0','system:role:list','#','admin','2018-03-16 11:33:00','ry','2018-03-16 11:33:00','',0,0),(1008,'è§’è‰²æ–°å¢',101,2,'#','F','0','system:role:add','#','admin','2018-03-16 11:33:00','ry','2018-03-16 11:33:00','',0,0),(1009,'è§’è‰²ä¿®æ”¹',101,3,'#','F','0','system:role:edit','#','admin','2018-03-16 11:33:00','ry','2018-03-16 11:33:00','',0,0),(1010,'è§’è‰²åˆ é™¤',101,4,'#','F','0','system:role:remove','#','admin','2018-03-16 11:33:00','ry','2018-03-16 11:33:00','',0,0),(1011,'è§’è‰²å¯¼å‡º',101,5,'#','F','0','system:role:export','#','admin','2018-03-16 11:33:00','ry','2018-03-16 11:33:00','',0,0),(1012,'èœå•æŸ¥è¯¢',102,1,'#','F','0','system:menu:list','#','admin','2018-03-16 11:33:00','ry','2018-03-16 11:33:00','',0,0),(1013,'èœå•æ–°å¢',102,2,'#','F','0','system:menu:add','#','admin','2018-03-16 11:33:00','ry','2018-03-16 11:33:00','',0,0),(1014,'èœå•ä¿®æ”¹',102,3,'#','F','0','system:menu:edit','#','admin','2018-03-16 11:33:00','ry','2018-03-16 11:33:00','',0,0),(1015,'èœå•åˆ é™¤',102,4,'#','F','0','system:menu:remove','#','admin','2018-03-16 11:33:00','ry','2018-03-16 11:33:00','',0,0),(1058,'ä¸ªäººè®¾ç½®',1,10,'/userDetail/userDetail','C','0','','#','admin','2019-03-30 09:47:16','admin','2019-03-30 17:33:00','',0,0),(1059,'é¦–é¡µè®¾ç½®',1,11,'/indexSetting/indexSetting','C','0','','#','admin','2019-03-30 10:09:50','admin','2019-03-30 17:33:06','',0,0),(1060,'ç¼–ç ç®¡ç†',0,3,'#','M','0','','fa fa-calculator','admin','2019-03-30 10:21:19','admin','2019-09-20 11:43:15','',1,0),(1062,'å·¥å•ç®¡ç†',1452,1,'/device/devWorkOrder/lineWorkOrder','C','0','device:devWorkOrder:view','#','admin','2019-03-30 10:22:33','admin','2019-09-20 11:31:43','',1,2),(1071,'ç¡¬ä»¶ç®¡ç†',1470,5,'/device/devList','C','0','device:devList:view','#','admin','2019-04-10 15:03:18','admin','2019-09-25 18:41:36','',1,1),(1074,'äº§å“ç¼–ç ',1060,1,'/product','C','0','device:devProductList:view','#','admin','2019-04-10 15:50:08','admin','2019-09-20 11:42:34','',1,0),(1083,'ä¿®æ”¹',1058,1,'#','F','0','','#','admin','2019-04-18 09:00:06','admin','2019-05-20 14:23:49','',0,0),(1084,'å¯†ç é‡ç½®',1058,2,'#','F','0','','#','admin','2019-04-18 09:00:44','admin','2019-05-20 14:23:58','',0,0),(1086,'æŸ¥è¯¢',1062,1,'#','F','0','device:devWorkOrder:list','#','admin','2019-04-18 09:03:35','admin','2019-07-30 09:24:54','',0,2),(1087,'æ·»åŠ ',1062,2,'#','F','0','device:devWorkOrder:add','#','admin','2019-04-18 09:04:14','',NULL,'',0,2),(1088,'ä¿®æ”¹',1062,3,'#','F','0','device:devWorkOrder:edit','#','admin','2019-04-18 09:04:38','',NULL,'',1,2),(1089,'åˆ é™¤',1062,4,'#','F','0','device:devWorkOrder:remove','#','admin','2019-04-18 09:05:15','',NULL,'',1,2),(1090,'å¯¼å‡º',1062,5,'#','F','0','device:devWorkOrder:export','#','admin','2019-04-18 09:05:35','',NULL,'',0,2),(1107,'æŸ¥è¯¢',1071,1,'#','F','0','device:devList:list','#','admin','2019-04-18 09:18:09','',NULL,'',0,1),(1108,'æ·»åŠ ',1071,2,'#','F','0','device:devList:add','#','admin','2019-04-18 09:18:59','',NULL,'',0,1),(1109,'ä¿®æ”¹',1071,3,'#','F','0','device:devList:edit','#','admin','2019-04-18 09:20:19','',NULL,'',0,1),(1110,'åˆ é™¤',1071,4,'#','F','0','device:devList:remove','#','admin','2019-04-18 09:20:41','',NULL,'',0,1),(1111,'å¯¼å‡º',1071,5,'#','F','0','device:devList:export','#','admin','2019-04-18 09:21:04','',NULL,'',0,1),(1118,'æŸ¥è¯¢',1074,1,'#','F','0','device:devProductList:list','#','admin','2019-04-18 09:24:31','',NULL,'',0,0),(1119,'æ·»åŠ ',1074,2,'#','F','0','device:devProductList:add','#','admin','2019-04-18 09:24:59','',NULL,'',0,0),(1120,'ä¿®æ”¹',1074,3,'#','F','0','device:devProductList:edit','#','admin','2019-04-18 09:25:14','',NULL,'',0,0),(1121,'åˆ é™¤',1074,4,'#','F','0','device:devProductList:remove','#','admin','2019-04-18 09:25:30','',NULL,'',0,0),(1122,'å¯¼å…¥',1074,5,'#','F','0','device:devProductList:import','#','admin','2019-04-18 09:25:51','admin','2019-04-18 10:01:00','',0,0),(1123,'å¯¼å‡º',1074,6,'#','F','0','device:devProductList:export','#','admin','2019-04-18 09:26:10','',NULL,'',0,0),(1143,'ç”Ÿæˆç¡¬ä»¶ç¼–ç ',1071,6,'#','F','0','device:devList:createCode','#','admin','2019-04-19 09:19:21','admin','2019-09-25 18:39:42','',0,1),(1297,'æ–‡ä»¶ç®¡ç†',0,4,'#','M','0','','fa fa-folder-open','admin','2019-06-13 10:03:06','admin','2019-09-26 08:32:39','',1,1),(1299,'ä½œä¸šæŒ‡å¯¼ä¹¦',1297,3,'/iso/iso/0','C','0','iso:iso:view','#','admin','2019-06-13 16:03:27','admin','2019-08-22 14:37:11','',1,1),(1303,'ä½œä¸šæŒ‡å¯¼ä¹¦äº§çº¿é…ç½®æŸ¥è¯¢',1299,1,'#','F','0','iso:sopLine:list,iso:sopLine:view','#','admin','2018-03-01 00:00:00','admin','2019-06-15 16:58:18','',0,1),(1304,'ä½œä¸šæŒ‡å¯¼ä¹¦äº§çº¿é…ç½®æ–°å¢',1299,2,'#','F','0','iso:sopLine:add','#','admin','2018-03-01 00:00:00','admin','2019-06-15 16:58:54','',0,1),(1305,'ä½œä¸šæŒ‡å¯¼ä¹¦äº§çº¿é…ç½®ä¿®æ”¹',1299,3,'#','F','0','iso:sopLine:edit','#','admin','2018-03-01 00:00:00','admin','2019-06-15 16:58:40','',0,1),(1306,'ä½œä¸šæŒ‡å¯¼ä¹¦äº§çº¿é…ç½®åˆ é™¤',1299,4,'#','F','0','iso:sopLine:remove','#','admin','2018-03-01 00:00:00','admin','2019-06-15 16:59:36','',0,1),(1341,'å¯¼å…¥é…ç½®',1074,12,'#','F','0','device:devProductList:importConfig','#','admin','2019-07-03 09:34:26','',NULL,'',0,0),(1369,'ä½œä¸šæŒ‡å¯¼ä¹¦é…ç½®å•å·¥ä½',1299,5,'#','F','0','production:singleWork:configSop','#','admin','2019-07-19 09:11:52','',NULL,'',0,1),(1416,'æ·»åŠ ä½œä¸šæŒ‡å¯¼æŒ‡å¯¼ä¹¦',1299,6,'#','F','0','iso:iso:add','#','admin','2019-08-22 14:20:45','',NULL,'',0,1),(1417,'æŸ¥è¯¢ä½œä¸šæŒ‡å¯¼æŒ‡å¯¼ä¹¦',1299,7,'#','F','0','iso:iso:list','#','admin','2019-08-22 15:03:16','',NULL,'',0,1),(1418,'ä¿®æ”¹ä½œä¸šæŒ‡å¯¼æŒ‡å¯¼ä¹¦',1299,8,'#','F','0','iso:iso:edit','#','admin','2019-08-22 15:04:09','',NULL,'',0,1),(1419,'åˆ é™¤ä½œä¸šæŒ‡å¯¼ä¹¦',1299,9,'#','F','0','iso:iso:remove','#','admin','2019-08-22 15:04:49','',NULL,'',0,1),(1420,'å…¬å¸ç®¡ç†',1,1,'/device/devCompany','C','0','device:devCompany:view','#','admin','2019-08-24 14:27:15','',NULL,'',0,0),(1421,'æŸ¥è¯¢',1420,1,'#','F','0','device:devCompany:list','#','admin','2019-08-24 14:27:38','admin','2019-08-24 14:31:45','',0,0),(1422,'æ·»åŠ ',1420,2,'#','F','0','device:devCompany:add','#','admin','2019-08-24 14:27:59','',NULL,'',0,0),(1423,'ä¿®æ”¹',1420,3,'#','F','0','device:devCompany:edit','#','admin','2019-08-24 14:28:17','',NULL,'',0,0),(1425,'å¯¼å‡º',1420,5,'#','F','0','device:devCompany:export','#','admin','2019-08-24 14:29:19','',NULL,'',0,0),(1431,'æ¿€æ´»ç ç®¡ç†',0,5,'#','M','0','','fa fa-audio-description','admin','2019-08-26 09:34:06','admin','2019-09-26 08:32:29','',0,1),(1432,'æ¿€æ´»ç åˆ—è¡¨',1431,1,'/code/activeCode','C','0','code:activeCode:view','#','admin','2018-03-01 00:00:00','admin','2019-08-26 09:39:04','æ¿€æ´»ç èœå•',0,1),(1433,'æ¿€æ´»ç æŸ¥è¯¢',1432,1,'#','F','0','code:activeCode:list','#','admin','2018-03-01 00:00:00','ry','2018-03-01 00:00:00','',0,1),(1434,'æ¿€æ´»ç æ–°å¢',1432,2,'#','F','0','code:activeCode:add','#','admin','2018-03-01 00:00:00','ry','2018-03-01 00:00:00','',0,1),(1435,'æ¿€æ´»ç åˆ†é…',1432,3,'#','F','0','code:activeCode:edit','#','admin','2018-03-01 00:00:00','admin','2019-08-26 09:38:55','',0,1),(1437,'æ¿€æ´»ç å¯¼å‡º',1432,4,'#','F','0','code:activeCode:export','#','admin','2019-08-26 09:40:15','',NULL,'',0,1),(1438,'æˆ‘çš„æ¿€æ´»ç ',1431,2,'/code/myActiveCode','C','0','code:myActiveCode:view','#','admin','2019-08-26 13:52:58','admin','2019-08-26 13:57:58','',0,1),(1439,'æ¿€æ´»ç æŸ¥è¯¢',1438,1,'#','F','0','code:myActiveCode:list','#','admin','2019-08-26 13:53:55','',NULL,'',0,1),(1440,'æ¿€æ´»ç å¯¼å‡º',1438,2,'#','F','0','code:myActiveCode:export','#','admin','2019-08-26 13:54:25','admin','2019-08-26 13:54:44','',0,1),(1442,'åŠæˆå“ç¼–ç ',1060,2,'/product/part','C','0','device:devPart:view','#','admin','2019-09-20 08:51:38','admin','2019-09-20 11:42:43','',0,4),(1443,'å¯¼å…¥é…ç½®',1442,1,'#','F','0','device:devPart:importConfig','#','admin','2019-09-20 08:52:46','',NULL,'',0,4),(1444,'æ–°å¢ä¿®æ”¹',1442,2,'#','F','0','device:devPart:add','#','admin','2019-09-20 08:53:15','',NULL,'',0,4),(1445,'æŸ¥è¯¢',1442,3,'#','F','0','device:devPart:list','#','admin','2019-09-20 08:53:44','',NULL,'',0,4),(1446,'åˆ é™¤',1442,4,'#','F','0','device:devPart:remove','#','admin','2019-09-20 08:54:09','',NULL,'',0,4),(1447,'ç‰©æ–™ç¼–ç ',1060,3,'/erp/materiel','C','0','erp:materiel:view','#','admin','2019-09-20 09:03:11','admin','2019-09-20 11:42:52','',0,2),(1448,'æŸ¥è¯¢',1447,1,'#','F','0','erp:materiel:list','#','admin','2019-09-20 09:03:41','',NULL,'',0,2),(1449,'æ–°å¢ä¿®æ”¹',1447,2,'#','F','0','erp:materiel:edit','#','admin','2019-09-20 09:04:09','',NULL,'',0,2),(1450,'åˆ é™¤',1447,3,'#','F','0','erp:materiel:remove','#','admin','2019-09-20 09:04:32','',NULL,'',0,2),(1451,'å¯¼å…¥å¯¼å‡º',1447,4,'#','F','0','erp:materiel:export','#','admin','2019-09-20 09:04:56','',NULL,'',0,2),(1452,'MES',0,4,'#','M','0','','fa fa-balance-scale','admin','2019-09-20 09:19:52','admin','2019-09-20 11:43:23','',0,2),(1453,'MESè§„åˆ™',1452,2,'/mes/mesBatchRule','C','0','mes:mesBatchRule:view','#','admin','2019-09-20 09:20:57','admin','2019-09-20 11:31:50','',0,2),(1454,'MESæ•°æ®',1452,3,'/mes/mesBatch','C','0','mes:mesBatch:view','#','admin','2019-09-20 09:21:33','admin','2019-09-20 11:31:57','',0,2),(1455,'å”®åå½•å…¥',1452,4,'/quality/afterService','C','0','quality:afterService:view','#','admin','2019-09-20 09:22:00','admin','2019-09-20 11:32:03','',0,2),(1456,'æŸ¥çœ‹',1453,1,'#','F','0','mes:mesBatchRule:list','#','admin','2019-09-20 09:22:53','',NULL,'',0,2),(1457,'æ–°å¢ä¿®æ”¹',1453,2,'#','F','0','mes:mesBatchRule:add','#','admin','2019-09-20 09:28:03','',NULL,'',0,2),(1458,'åˆ é™¤',1453,3,'#','F','0','mes:mesBatchRule:remove','#','admin','2019-09-20 09:28:23','',NULL,'',0,2),(1459,'æŸ¥çœ‹',1454,1,'mes:mesBatch:list','F','0','mes:mesBatch:list','#','admin','2019-09-20 09:28:53','',NULL,'',0,2),(1460,'æ–°å¢ä¿®æ”¹',1454,2,'#','F','0','mes:mesBatch:add','#','admin','2019-09-20 09:37:43','',NULL,'',0,2),(1461,'æŸ¥è¯¢',1455,1,'#','F','0','quality:afterService:list','#','admin','2019-09-20 09:46:20','',NULL,'',0,2),(1462,'åˆ é™¤',1455,3,'#','F','0','quality:afterService:remove','#','admin','2019-09-20 10:00:35','admin','2019-09-20 10:01:08','',0,2),(1463,'æ–°å¢å½•å…¥',1455,2,'#','F','0','quality:afterService:add','#','admin','2019-09-20 10:00:55','admin','2019-09-20 10:01:14','',0,2),(1464,'MESä»“åº“å½•å…¥',1062,6,'#','F','0','device:devWorkOrder:configMes','#','admin','2019-09-20 10:34:02','',NULL,'',0,2),(1465,'MESç”Ÿäº§å½•å…¥',1062,7,'#','F','0','device:devWorkOrder:produceMes','#','admin','2019-09-20 10:34:34','',NULL,'',0,2),(1466,'å¯¼å…¥å¯¼å‡º',1442,5,'#','F','0','device:devPart:import','#','admin','2019-09-20 11:08:55','admin','2019-09-20 11:10:16','',0,4),(1467,'æŸ¥è¯¢äº§çº¿',1062,8,'#','F','0','production:productionLine:list','#','admin','2019-09-20 11:38:53','',NULL,'',0,2),(1468,'æ–°å¢ä¿®æ”¹äº§çº¿',1062,9,'#','F','0','production:productionLine:add','#','admin','2019-09-20 11:39:19','',NULL,'',0,2),(1469,'åˆ é™¤äº§çº¿',1062,10,'#','F','0','production:productionLine:remove','#','admin','2019-09-20 11:39:38','',NULL,'',0,2),(1470,'ASOP',0,4,'#','M','0','','fa fa-bar-chart','admin','2019-09-25 18:32:59','admin','2019-09-25 18:58:01','',0,1),(1471,'å·¥å•ç®¡ç†',1470,1,'/device/devWorkOrder/lineWorkOrder','C','0','device:devWorkOrder:view','#','admin','2019-09-25 18:36:42','admin','2019-09-25 18:37:03','',0,1),(1472,'äº§çº¿ç®¡ç†',1470,2,'/production/productionLine','C','0','production:productionLine:view','#','admin','2019-09-25 18:53:37','',NULL,'',0,1),(1473,'æŸ¥è¯¢äº§çº¿',1472,1,'#','F','0','production:productionLine:list','#','admin','2019-09-25 18:54:06','',NULL,'',0,1),(1474,'æ–°å¢ä¿®æ”¹äº§çº¿',1472,2,'#','F','0','production:productionLine:add','#','admin','2019-09-25 18:54:32','',NULL,'',0,1),(1475,'åˆ é™¤äº§çº¿',1472,3,'#','F','0','production:productionLine:remove','#','admin','2019-09-25 18:54:50','',NULL,'',0,1),(1476,'é…ç½®ASOP',1472,4,'#','F','0','iso:sopLine:add','#','admin','2019-09-25 18:55:35','',NULL,'',0,1),(1477,'æŸ¥çœ‹å·¥ä½åˆ—è¡¨',1472,5,'#','F','0','production:workstation:list','#','admin','2019-09-25 18:56:01','admin','2019-09-25 18:56:44','',0,1),(1478,'å·¥ä½æ–°å¢ä¿®æ”¹åˆ é™¤',1472,6,'#','F','0','production:workstation:add','#','admin','2019-09-25 18:56:31','',NULL,'',0,1),(1479,'å·¥å•åˆ—è¡¨',1471,1,'#','F','0','device:devWorkOrder:list','#','admin','2019-09-25 19:02:31','',NULL,'',0,1),(1480,'æ–°å¢ä¿®æ”¹å·¥å•',1471,2,'#','F','0','device:devWorkOrder:add','#','admin','2019-09-25 19:03:17','',NULL,'',0,1),(1481,'åˆ é™¤å·¥å•',1471,3,'#','F','0','device:devWorkOrder:remove','#','admin','2019-09-25 19:03:40','',NULL,'',0,1),(1482,'ç”Ÿäº§çœ‹æ¿',0,4,'#','M','0','','fa fa-newspaper-o','admin','2019-09-26 08:35:46','admin','2019-09-26 08:48:03','',0,3),(1483,'å·¥å•ç®¡ç†',1482,1,'/device/devWorkOrder/lineWorkOrder','C','0','device:devWorkOrder:view','#','admin','2019-09-26 08:37:20','',NULL,'',0,3),(1484,'äº§çº¿ç®¡ç†',1482,2,'/production/productionLine','C','0','production:productionLine:view','#','admin','2019-09-26 08:38:36','',NULL,'',0,3),(1485,'æŸ¥çœ‹åˆ—è¡¨',1483,1,'#','F','0','device:devWorkOrder:list','#','admin','2019-09-26 08:39:06','admin','2019-09-26 08:40:08','',0,3),(1486,'æ–°å¢å·¥å•',1483,2,'#','F','0','device:devWorkOrder:add','#','admin','2019-09-26 08:39:54','',NULL,'',0,3),(1487,'ä¿®æ”¹å·¥å•',1483,3,'#','F','0','device:devWorkOrder:edit','#','admin','2019-09-26 08:40:28','',NULL,'',0,3),(1488,'åˆ é™¤å·¥å•',1483,4,'#','F','0','device:devWorkOrder:remove','#','admin','2019-09-26 08:40:44','',NULL,'',0,3),(1489,'æŸ¥çœ‹åˆ—è¡¨',1484,1,'#','F','0','production:productionLine:list','#','admin','2019-09-26 08:41:32','',NULL,'',0,3),(1490,'æ–°å¢ä¿®æ”¹äº§çº¿',1484,2,'#','F','0','production:productionLine:add','#','admin','2019-09-26 08:41:50','',NULL,'',0,3),(1491,'åˆ é™¤äº§çº¿',1484,3,'#','F','0','production:productionLine:remove','#','admin','2019-09-26 08:42:18','',NULL,'',0,3),(1492,'çœ‹æ¿ç®¡ç†',1482,3,'/page/pageInfo','C','0','page:pageInfo:view','#','admin','2019-09-26 08:44:29','',NULL,'',0,3),(1493,'æŸ¥çœ‹åˆ—è¡¨',1492,1,'#','F','0','page:pageInfo:list','#','admin','2019-09-26 08:44:52','',NULL,'',0,3),(1494,'æ–°å¢ä¿®æ”¹çœ‹æ¿',1492,2,'#','F','0','page:pageInfo:add','#','admin','2019-09-26 08:45:06','admin','2019-10-16 08:25:17','',0,3),(1495,'åˆ é™¤çœ‹æ¿',1492,3,'#','F','0','page:pageInfo:remove','#','admin','2019-09-26 08:45:45','',NULL,'',0,3),(1496,'æ•°æ®æŠ¥è¡¨',1482,4,'/production/report','C','0','production:report:view','#','admin','2019-09-26 08:46:24','',NULL,'',0,3),(1497,'å¯¼å‡ºæŠ¥è¡¨',1496,1,'#','F','0','production:report:pdf','#','admin','2019-09-26 08:46:45','admin','2019-09-27 13:53:21','',0,3),(1498,'å·¥å•å¼‚å¸¸ä¿¡æ¯æŸ¥çœ‹',1483,5,'#','F','0','production:workExceptionList:list','#','admin','2019-09-26 11:15:51','admin','2019-09-26 11:17:04','',0,3),(1499,'å·¥å•å¼‚å¸¸ç±»å‹ç®¡ç†',1483,6,'#','F','0','production:workExceptionList:add','#','admin','2019-09-26 11:16:51','',NULL,'',0,3),(1500,'æ¶ˆæ¯é€šçŸ¥',1,4,'/device/devNotice','C','0','device:devNotice:view','#','admin','2019-09-27 11:01:27','admin','2019-09-27 11:01:39','',0,3),(1501,'æŸ¥çœ‹æ¶ˆæ¯åˆ—è¡¨',1500,1,'#','F','0','device:devNotice:list','#','admin','2019-09-27 11:02:01','',NULL,'',0,3),(1502,'æ–°å¢ä¿®æ”¹æ¶ˆæ¯',1500,2,'#','F','0','device:devNotice:add','#','admin','2019-09-27 11:02:31','',NULL,'',0,3),(1503,'æŸ¥çœ‹å†å²æŠ¥è¡¨',1496,2,'#','F','0','erp:fileSourceInfo:list','#','admin','2019-09-27 13:57:48','',NULL,'',0,3),(1504,'åˆ é™¤å†å²æŠ¥è¡¨',1496,3,'#','F','0','erp:fileSourceInfo:remove','#','admin','2019-09-27 13:58:09','',NULL,'',0,3),(1505,'ä¿®æ”¹å†å²æŠ¥è¡¨',1496,4,'#','F','0','erp:fileSourceInfo:add','#','admin','2019-09-27 13:58:33','',NULL,'',0,3),(1506,'çœ‹æ¿å¯†ç ',1492,4,'#','F','0','page:pageInfo:pwd','#','admin','2019-10-16 08:27:19','',NULL,'',0,3),(1507,'ä»»åŠ¡ç®¡ç†',2,3,'/monitor/job','C','0','monitor:job:view','#','admin','2019-10-16 10:10:11','',NULL,'',0,0),(1508,'æŸ¥çœ‹ä»»åŠ¡ç®¡ç†',1507,1,'#','F','0','monitor:job:list','#','admin','2019-10-16 10:11:07','',NULL,'',0,0),(1509,'æ–°å¢ä¿®æ”¹ä»»åŠ¡ç®¡ç†',1507,2,'#','F','0','monitor:job:add','#','admin','2019-10-16 10:11:41','',NULL,'',0,0),(1510,'ä»£ç ç”Ÿæˆ',2,4,'/tool/gen','C','0','tool:gen:view','#','admin','2019-10-21 09:02:05','',NULL,'',0,0),(1511,'å…¬å¸æ•°æ®åˆ†æ',1496,5,'#','F','0','production:cost:list','#','admin','2019-10-25 10:26:54','',NULL,'',0,3),(1512,'åˆ é™¤ç¡¬ä»¶ä¿¡æ¯',1484,4,'#','F','0','device:devList:remove','#','admin','2019-11-21 11:03:24','',NULL,'',0,3);
/*!40000 ALTER TABLE `sys_menu` ENABLE KEYS */;
UNLOCK TABLES;

--
-- Table structure for table `sys_menu_en`
--

DROP TABLE IF EXISTS `sys_menu_en`;
/*!40101 SET @saved_cs_client     = @@character_set_client */;
 SET character_set_client = utf8mb4 ;
CREATE TABLE `sys_menu_en` (
  `menu_id` int(11) NOT NULL AUTO_INCREMENT COMMENT 'èœå•ID',
  `menu_name` varchar(50) NOT NULL COMMENT 'èœå•åç§°',
  `parent_id` int(11) DEFAULT '0' COMMENT 'çˆ¶èœå•ID',
  `order_num` int(4) DEFAULT '0' COMMENT 'æ˜¾ç¤ºé¡ºåº',
  `url` varchar(200) DEFAULT '#' COMMENT 'è¯·æ±‚åœ°å€',
  `menu_type` char(1) DEFAULT '' COMMENT 'èœå•ç±»å‹ï¼ˆMç›®å½• Cèœå• FæŒ‰é’®ï¼‰',
  `visible` char(1) DEFAULT '0' COMMENT 'èœå•çŠ¶æ€ï¼ˆ0æ˜¾ç¤º 1éšè—ï¼‰',
  `perms` varchar(100) DEFAULT NULL COMMENT 'æƒé™æ ‡è¯†',
  `icon` varchar(100) DEFAULT '#' COMMENT 'èœå•å›¾æ ‡',
  `create_by` varchar(64) DEFAULT '' COMMENT 'åˆ›å»ºè€…',
  `create_time` datetime DEFAULT NULL COMMENT 'åˆ›å»ºæ—¶é—´',
  `update_by` varchar(64) DEFAULT '' COMMENT 'æ›´æ–°è€…',
  `update_time` datetime DEFAULT NULL COMMENT 'æ›´æ–°æ—¶é—´',
  `remark` varchar(500) DEFAULT '' COMMENT 'å¤‡æ³¨',
  `app_sign` int(11) DEFAULT '0' COMMENT 'appæ˜¯å¦å±•ç¤ºæ ‡è¯†(0ã€é»˜è®¤å€¼ä¸å±•ç¤ºï¼Œ1ã€å±•ç¤º)',
  `menu_tag` int(11) DEFAULT '0' COMMENT 'èœå•ç³»ç»Ÿæƒé™(0ã€å…±æœ‰ï¼Œ1ã€asopä¸“ç”¨ï¼Œ2ã€mesä¸“æœ‰ï¼Œ3ã€çœ‹æ¿ä¸“æœ‰)',
  PRIMARY KEY (`menu_id`)
) ENGINE=InnoDB AUTO_INCREMENT=1513 DEFAULT CHARSET=utf8 COMMENT='èœå•æƒé™è¡¨';
/*!40101 SET character_set_client = @saved_cs_client */;

--
-- Dumping data for table `sys_menu_en`
--

LOCK TABLES `sys_menu_en` WRITE;
/*!40000 ALTER TABLE `sys_menu_en` DISABLE KEYS */;
INSERT INTO `sys_menu_en` VALUES (1,'Admin',0,1,'#','M','0','','fa fa-gear','admin','2018-03-16 11:33:00','admin','2019-04-23 14:04:31','ç³»ç»Ÿç®¡ç†ç›®å½•',1,0),(2,'ç³»ç»Ÿç›‘æ§',0,2,'#','M','0','','fa fa-video-camera','admin','2018-03-16 11:33:00','admin','2019-04-28 17:53:33','ç³»ç»Ÿç›‘æ§ç›®å½•',0,0),(100,'User Mgmt.',1,1,'/system/user','C','0','system:user:view','#','admin','2018-03-16 11:33:00','ry','2018-03-16 11:33:00','ç”¨æˆ·ç®¡ç†èœå•',1,0),(101,'Role Assignment',1,2,'/system/role','C','0','system:role:view','#','admin','2018-03-16 11:33:00','admin','2019-04-23 14:05:34','è§’è‰²ç®¡ç†èœå•',0,0),(102,'èœå•ç®¡ç†',1,3,'/system/menu','C','0','system:menu:view','#','admin','2018-03-16 11:33:00','ry','2018-03-16 11:33:00','èœå•ç®¡ç†èœå•',0,0),(111,'æ•°æ®ç›‘æ§',2,3,'/monitor/data','C','0','monitor:data:view','#','admin','2018-03-16 11:33:00','ry','2018-03-16 11:33:00','æ•°æ®ç›‘æ§èœå•',0,0),(112,'æœåŠ¡ç›‘æ§',2,3,'/monitor/server','C','0','monitor:server:view','#','admin','2018-03-16 11:33:00','ry','2018-03-16 11:33:00','æœåŠ¡ç›‘æ§èœå•',0,0),(1000,'User List',100,1,'#','F','0','system:user:list','#','admin','2018-03-16 11:33:00','ry','2018-03-16 11:33:00','',0,0),(1001,'User Add',100,2,'#','F','0','system:user:add','#','admin','2018-03-16 11:33:00','ry','2018-03-16 11:33:00','',0,0),(1002,'User Edit',100,3,'#','F','0','system:user:edit','#','admin','2018-03-16 11:33:00','ry','2018-03-16 11:33:00','',0,0),(1003,'User Remove',100,4,'#','F','0','system:user:remove','#','admin','2018-03-16 11:33:00','ry','2018-03-16 11:33:00','',0,0),(1004,'User Export',100,5,'#','F','0','system:user:export','#','admin','2018-03-16 11:33:00','admin','2019-04-03 08:51:19','',0,0),(1005,'User Import',100,6,'#','F','0','system:user:import','#','admin','2018-03-16 11:33:00','ry','2018-03-16 11:33:00','',0,0),(1006,'User ResetPwd',100,7,'#','F','0','system:user:resetPwd','#','admin','2018-03-16 11:33:00','ry','2018-03-16 11:33:00','',0,0),(1007,'Role List',101,1,'#','F','0','system:role:list','#','admin','2018-03-16 11:33:00','ry','2018-03-16 11:33:00','',0,0),(1008,'Role Add',101,2,'#','F','0','system:role:add','#','admin','2018-03-16 11:33:00','ry','2018-03-16 11:33:00','',0,0),(1009,'Role Edit',101,3,'#','F','0','system:role:edit','#','admin','2018-03-16 11:33:00','ry','2018-03-16 11:33:00','',0,0),(1010,'Role Remove',101,4,'#','F','0','system:role:remove','#','admin','2018-03-16 11:33:00','ry','2018-03-16 11:33:00','',0,0),(1011,'Role Export',101,5,'#','F','0','system:role:export','#','admin','2018-03-16 11:33:00','ry','2018-03-16 11:33:00','',0,0),(1012,'èœå•æŸ¥è¯¢',102,1,'#','F','0','system:menu:list','#','admin','2018-03-16 11:33:00','ry','2018-03-16 11:33:00','',0,0),(1013,'èœå•æ–°å¢',102,2,'#','F','0','system:menu:add','#','admin','2018-03-16 11:33:00','ry','2018-03-16 11:33:00','',0,0),(1014,'èœå•ä¿®æ”¹',102,3,'#','F','0','system:menu:edit','#','admin','2018-03-16 11:33:00','ry','2018-03-16 11:33:00','',0,0),(1015,'èœå•åˆ é™¤',102,4,'#','F','0','system:menu:remove','#','admin','2018-03-16 11:33:00','ry','2018-03-16 11:33:00','',0,0),(1058,'Personal Setting',1,10,'/userDetail/userDetail','C','0','','#','admin','2019-03-30 09:47:16','admin','2019-03-30 17:33:00','',0,0),(1059,'FistPage Setting',1,11,'/indexSetting/indexSetting','C','0','','#','admin','2019-03-30 10:09:50','admin','2019-03-30 17:33:06','',0,0),(1060,'P.N.Mgmt.',0,3,'#','M','0','','fa fa-calculator','admin','2019-03-30 10:21:19','admin','2019-09-20 11:43:15','',1,0),(1061,'è®¡åˆ’æ’å•',1060,7,'#','M','0','','#','admin','2019-03-30 10:22:18','admin','2019-09-20 08:46:27','',1,0),(1062,'Prod.Order',1452,1,'/device/devWorkOrder/lineWorkOrder','C','0','device:devWorkOrder:view','#','admin','2019-03-30 10:22:33','admin','2019-09-20 11:31:43','',1,2),(1071,'Hardware Mgmt.',1470,5,'/device/devList','C','0','device:devList:view','#','admin','2019-04-10 15:03:18','admin','2019-09-25 18:41:36','',1,1),(1074,'Product P.N.',1060,1,'/product','C','0','device:devProductList:view','#','admin','2019-04-10 15:50:08','admin','2019-09-20 11:42:34','',1,0),(1080,'Prod.Mgmt.',1060,3,'/production/productionLine','C','0','production:productionLine:view','#','admin','2019-04-11 11:51:26','admin','2019-09-20 08:46:14','',1,0),(1083,'Edit',1058,1,'#','F','0','','#','admin','2019-04-18 09:00:06','admin','2019-05-20 14:23:49','',0,0),(1084,'Reset Pwd',1058,2,'#','F','0','','#','admin','2019-04-18 09:00:44','admin','2019-05-20 14:23:58','',0,0),(1086,'List',1062,1,'#','F','0','device:devWorkOrder:list','#','admin','2019-04-18 09:03:35','admin','2019-07-30 09:24:54','',0,2),(1087,'Add',1062,2,'#','F','0','device:devWorkOrder:add','#','admin','2019-04-18 09:04:14','',NULL,'',0,2),(1088,'Edit',1062,3,'#','F','0','device:devWorkOrder:edit','#','admin','2019-04-18 09:04:38','',NULL,'',1,2),(1089,'Remove',1062,4,'#','F','0','device:devWorkOrder:remove','#','admin','2019-04-18 09:05:15','',NULL,'',1,2),(1090,'Export',1062,5,'#','F','0','device:devWorkOrder:export','#','admin','2019-04-18 09:05:35','',NULL,'',0,2),(1091,'List',1080,1,'#','F','0','production:productionLine:list','#','admin','2019-04-18 09:09:27','',NULL,'',0,0),(1092,'Add',1080,2,'#','F','0','production:productionLine:add','#','admin','2019-04-18 09:09:52','',NULL,'',0,0),(1093,'Edit',1080,3,'#','F','0','production:productionLine:edit','#','admin','2019-04-18 09:10:17','',NULL,'',0,0),(1094,'Remove',1080,4,'#','F','0','production:productionLine:remove','#','admin','2019-04-18 09:10:42','',NULL,'',0,0),(1095,'Export',1080,5,'#','F','0','production:productionLine:export','#','admin','2019-04-18 09:11:38','',NULL,'',0,0),(1107,'List',1071,1,'#','F','0','device:devList:list','#','admin','2019-04-18 09:18:09','',NULL,'',0,1),(1108,'Add',1071,2,'#','F','0','device:devList:add','#','admin','2019-04-18 09:18:59','',NULL,'',0,1),(1109,'Edit',1071,3,'#','F','0','device:devList:edit','#','admin','2019-04-18 09:20:19','',NULL,'',0,1),(1110,'Remove',1071,4,'#','F','0','device:devList:remove','#','admin','2019-04-18 09:20:41','',NULL,'',0,1),(1111,'Export',1071,5,'#','F','0','device:devList:export','#','admin','2019-04-18 09:21:04','',NULL,'',0,1),(1118,'List',1074,1,'#','F','0','device:devProductList:list','#','admin','2019-04-18 09:24:31','',NULL,'',0,0),(1119,'Add',1074,2,'#','F','0','device:devProductList:add','#','admin','2019-04-18 09:24:59','',NULL,'',0,0),(1120,'Edit',1074,3,'#','F','0','device:devProductList:edit','#','admin','2019-04-18 09:25:14','',NULL,'',0,0),(1121,'Remove',1074,4,'#','F','0','device:devProductList:remove','#','admin','2019-04-18 09:25:30','',NULL,'',0,0),(1122,'Import',1074,5,'#','F','0','device:devProductList:import','#','admin','2019-04-18 09:25:51','admin','2019-04-18 10:01:00','',0,0),(1123,'Export',1074,6,'#','F','0','device:devProductList:export','#','admin','2019-04-18 09:26:10','',NULL,'',0,0),(1143,'Create K.B. Code',1071,6,'#','F','0','device:devList:createCode','#','admin','2019-04-19 09:19:21','admin','2019-09-25 18:39:42','',0,1),(1147,'æ–°å¢å·¥å•',1061,1,'/device/devWorkOrder/add','C','0','device:devWorkOrder:add','#','admin','2019-04-23 14:12:47','admin','2019-04-23 14:13:30','',1,0),(1148,'æ·»åŠ ',1147,1,'#','F','0','device:devWorkOrder:add','#','admin','2019-04-23 14:13:50','',NULL,'',0,0),(1297,'File Mgmt.',0,4,'#','M','0','','fa fa-folder-open','admin','2019-06-13 10:03:06','admin','2019-09-26 08:32:39','',1,1),(1299,'SOP Files',1297,3,'/iso/iso/0','C','0','iso:iso:view','#','admin','2019-06-13 16:03:27','admin','2019-08-22 14:37:11','',1,1),(1303,'SOP Line C.F. List',1299,1,'#','F','0','iso:sopLine:list,iso:sopLine:view','#','admin','2018-03-01 00:00:00','admin','2019-06-15 16:58:18','',0,1),(1304,'SOP Line C.F. Add',1299,2,'#','F','0','iso:sopLine:add','#','admin','2018-03-01 00:00:00','admin','2019-06-15 16:58:54','',0,1),(1305,'SOP Line C.F. Edit',1299,3,'#','F','0','iso:sopLine:edit','#','admin','2018-03-01 00:00:00','admin','2019-06-15 16:58:40','',0,1),(1306,'SOP Line C.F. Remove',1299,4,'#','F','0','iso:sopLine:remove','#','admin','2018-03-01 00:00:00','admin','2019-06-15 16:59:36','',0,1),(1307,'Workstation List',1080,10,'#','F','0','production:workstation:list','#','admin','2019-06-15 17:03:15','',NULL,'',1,0),(1308,'Workstation Add',1080,11,'#','F','0','production:workstation:add','#','admin','2019-06-15 17:03:45','',NULL,'',0,0),(1309,'Edit Workstation',1080,12,'#','F','0','production:workstation:edit,production:workstation:remove','#','admin','2019-06-15 17:04:30','',NULL,'',0,0),(1341,'Import Config',1074,12,'#','F','0','device:devProductList:importConfig','#','admin','2019-07-03 09:34:26','',NULL,'',0,0),(1369,'SOP SingW C.F.Add',1299,5,'#','F','0','production:singleWork:configSop','#','admin','2019-07-19 09:11:52','',NULL,'',0,1),(1416,'SOP Add',1299,6,'#','F','0','iso:iso:add','#','admin','2019-08-22 14:20:45','',NULL,'',0,1),(1417,'SOP List',1299,7,'#','F','0','iso:iso:list','#','admin','2019-08-22 15:03:16','',NULL,'',0,1),(1418,'SOP Edit',1299,8,'#','F','0','iso:iso:edit','#','admin','2019-08-22 15:04:09','',NULL,'',0,1),(1419,'SOP Remove',1299,9,'#','F','0','iso:iso:remove','#','admin','2019-08-22 15:04:49','',NULL,'',0,1),(1420,'å…¬å¸ç®¡ç†',1,1,'/device/devCompany','C','0','device:devCompany:view','#','admin','2019-08-24 14:27:15','',NULL,'',0,0),(1421,'æŸ¥è¯¢',1420,1,'#','F','0','device:devCompany:list','#','admin','2019-08-24 14:27:38','admin','2019-08-24 14:31:45','',0,0),(1422,'æ·»åŠ ',1420,2,'#','F','0','device:devCompany:add','#','admin','2019-08-24 14:27:59','',NULL,'',0,0),(1423,'ä¿®æ”¹',1420,3,'#','F','0','device:devCompany:edit','#','admin','2019-08-24 14:28:17','',NULL,'',0,0),(1425,'å¯¼å‡º',1420,5,'#','F','0','device:devCompany:export','#','admin','2019-08-24 14:29:19','',NULL,'',0,0),(1431,'License Key',0,5,'#','M','0','','fa fa-audio-description','admin','2019-08-26 09:34:06','admin','2019-09-26 08:32:29','',0,1),(1432,'æ¿€æ´»ç åˆ—è¡¨',1431,1,'/code/activeCode','C','0','code:activeCode:view','#','admin','2018-03-01 00:00:00','admin','2019-08-26 09:39:04','æ¿€æ´»ç èœå•',0,1),(1433,'æ¿€æ´»ç æŸ¥è¯¢',1432,1,'#','F','0','code:activeCode:list','#','admin','2018-03-01 00:00:00','ry','2018-03-01 00:00:00','',0,1),(1434,'æ¿€æ´»ç æ–°å¢',1432,2,'#','F','0','code:activeCode:add','#','admin','2018-03-01 00:00:00','ry','2018-03-01 00:00:00','',0,1),(1435,'æ¿€æ´»ç åˆ†é…',1432,3,'#','F','0','code:activeCode:edit','#','admin','2018-03-01 00:00:00','admin','2019-08-26 09:38:55','',0,1),(1437,'æ¿€æ´»ç å¯¼å‡º',1432,4,'#','F','0','code:activeCode:export','#','admin','2019-08-26 09:40:15','',NULL,'',0,1),(1438,'My License Key',1431,2,'/code/myActiveCode','C','0','code:myActiveCode:view','#','admin','2019-08-26 13:52:58','admin','2019-08-26 13:57:58','',0,1),(1439,'License Key List',1438,1,'#','F','0','code:myActiveCode:list','#','admin','2019-08-26 13:53:55','',NULL,'',0,1),(1440,'License Key Export',1438,2,'#','F','0','code:myActiveCode:export','#','admin','2019-08-26 13:54:25','admin','2019-08-26 13:54:44','',0,1),(1441,'Config ASOP',1080,6,'#','F','0','iso:sopLine:add,iso:sopLine:edit','#','admin','2019-09-06 11:27:42','',NULL,'',0,0),(1442,'åŠæˆå“ç¼–ç ',1060,2,'/product/part','C','0','device:devPart:view','#','admin','2019-09-20 08:51:38','admin','2019-09-20 11:42:43','',0,4),(1443,'å¯¼å…¥é…ç½®',1442,1,'#','F','0','device:devPart:importConfig','#','admin','2019-09-20 08:52:46','',NULL,'',0,4),(1444,'æ–°å¢ä¿®æ”¹',1442,2,'#','F','0','device:devPart:add','#','admin','2019-09-20 08:53:15','',NULL,'',0,4),(1445,'æŸ¥è¯¢',1442,3,'#','F','0','device:devPart:list','#','admin','2019-09-20 08:53:44','',NULL,'',0,4),(1446,'åˆ é™¤',1442,4,'#','F','0','device:devPart:remove','#','admin','2019-09-20 08:54:09','',NULL,'',0,4),(1447,'Material P.N.',1060,3,'/erp/materiel','C','0','erp:materiel:view','#','admin','2019-09-20 09:03:11','admin','2019-09-20 11:42:52','',0,2),(1448,'List',1447,1,'#','F','0','erp:materiel:list','#','admin','2019-09-20 09:03:41','',NULL,'',0,2),(1449,'Add Or Edit',1447,2,'#','F','0','erp:materiel:edit','#','admin','2019-09-20 09:04:09','',NULL,'',0,2),(1450,'Remove',1447,3,'#','F','0','erp:materiel:remove','#','admin','2019-09-20 09:04:32','',NULL,'',0,2),(1451,'Export',1447,4,'#','F','0','erp:materiel:export','#','admin','2019-09-20 09:04:56','',NULL,'',0,2),(1452,'MES',0,4,'#','M','0','','fa fa-balance-scale','admin','2019-09-20 09:19:52','admin','2019-09-20 11:43:23','',0,2),(1453,'MES Rules',1452,2,'/mes/mesBatchRule','C','0','mes:mesBatchRule:view','#','admin','2019-09-20 09:20:57','admin','2019-09-20 11:31:50','',0,2),(1454,'MES Data',1452,3,'/mes/mesBatch','C','0','mes:mesBatch:view','#','admin','2019-09-20 09:21:33','admin','2019-09-20 11:31:57','',0,2),(1455,'After Sale Records',1452,4,'/quality/afterService','C','0','quality:afterService:view','#','admin','2019-09-20 09:22:00','admin','2019-09-20 11:32:03','',0,2),(1456,'List',1453,1,'#','F','0','mes:mesBatchRule:list','#','admin','2019-09-20 09:22:53','',NULL,'',0,2),(1457,'Add',1453,2,'#','F','0','mes:mesBatchRule:add','#','admin','2019-09-20 09:28:03','',NULL,'',0,2),(1458,'Remove',1453,3,'#','F','0','mes:mesBatchRule:remove','#','admin','2019-09-20 09:28:23','',NULL,'',0,2),(1459,'List',1454,1,'mes:mesBatch:list','F','0','mes:mesBatch:list','#','admin','2019-09-20 09:28:53','',NULL,'',0,2),(1460,'Add',1454,2,'#','F','0','mes:mesBatch:add','#','admin','2019-09-20 09:37:43','',NULL,'',0,2),(1461,'List',1455,1,'#','F','0','quality:afterService:list','#','admin','2019-09-20 09:46:20','',NULL,'',0,2),(1462,'Remove',1455,3,'#','F','0','quality:afterService:remove','#','admin','2019-09-20 10:00:35','admin','2019-09-20 10:01:08','',0,2),(1463,'Add',1455,2,'#','F','0','quality:afterService:add','#','admin','2019-09-20 10:00:55','admin','2019-09-20 10:01:14','',0,2),(1464,'MES Storehouse Records',1062,6,'#','F','0','device:devWorkOrder:configMes','#','admin','2019-09-20 10:34:02','',NULL,'',0,2),(1465,'MES Produce Records',1062,7,'#','F','0','device:devWorkOrder:produceMes','#','admin','2019-09-20 10:34:34','',NULL,'',0,2),(1466,'å¯¼å…¥å¯¼å‡º',1442,5,'#','F','0','device:devPart:import','#','admin','2019-09-20 11:08:55','admin','2019-09-20 11:10:16','',0,4),(1467,'Line List',1062,8,'#','F','0','production:productionLine:list','#','admin','2019-09-20 11:38:53','',NULL,'',0,2),(1468,'Add Line',1062,9,'#','F','0','production:productionLine:add','#','admin','2019-09-20 11:39:19','',NULL,'',0,2),(1469,'Remove Line',1062,10,'#','F','0','production:productionLine:remove','#','admin','2019-09-20 11:39:38','',NULL,'',0,2),(1470,'ASOP',0,4,'#','M','0','','fa fa-bar-chart','admin','2019-09-25 18:32:59','admin','2019-09-25 18:58:01','',0,1),(1471,'Prod.Order',1470,1,'/device/devWorkOrder/lineWorkOrder','C','0','device:devWorkOrder:view','#','admin','2019-09-25 18:36:42','admin','2019-09-25 18:37:03','',0,1),(1472,'Prod.Mgmt.',1470,2,'/production/productionLine','C','0','production:productionLine:view','#','admin','2019-09-25 18:53:37','',NULL,'',0,1),(1473,'Line List',1472,1,'#','F','0','production:productionLine:list','#','admin','2019-09-25 18:54:06','',NULL,'',0,1),(1474,'Line Add Or Edit',1472,2,'#','F','0','production:productionLine:add','#','admin','2019-09-25 18:54:32','',NULL,'',0,1),(1475,'Line Remove',1472,3,'#','F','0','production:productionLine:remove','#','admin','2019-09-25 18:54:50','',NULL,'',0,1),(1476,'Config ASOP',1472,4,'#','F','0','iso:sopLine:add','#','admin','2019-09-25 18:55:35','',NULL,'',0,1),(1477,'Workstation List',1472,5,'#','F','0','production:workstation:list','#','admin','2019-09-25 18:56:01','admin','2019-09-25 18:56:44','',0,1),(1478,'Mgmt. Workstation',1472,6,'#','F','0','production:workstation:add','#','admin','2019-09-25 18:56:31','',NULL,'',0,1),(1479,'List',1471,1,'#','F','0','device:devWorkOrder:list','#','admin','2019-09-25 19:02:31','',NULL,'',0,1),(1480,'Add Or Edit',1471,2,'#','F','0','device:devWorkOrder:add','#','admin','2019-09-25 19:03:17','',NULL,'',0,1),(1481,'Remove',1471,3,'#','F','0','device:devWorkOrder:remove','#','admin','2019-09-25 19:03:40','',NULL,'',0,1),(1482,'Production Kanban',0,4,'#','M','0','','fa fa-newspaper-o','admin','2019-09-26 08:35:46','admin','2019-09-26 08:48:03','',0,3),(1483,'Prod.Order',1482,1,'/device/devWorkOrder/lineWorkOrder','C','0','device:devWorkOrder:view','#','admin','2019-09-26 08:37:20','',NULL,'',0,3),(1484,'Prod.Mgmt.',1482,2,'/production/productionLine','C','0','production:productionLine:view','#','admin','2019-09-26 08:38:36','',NULL,'',0,3),(1485,'Order List',1483,1,'#','F','0','device:devWorkOrder:list','#','admin','2019-09-26 08:39:06','admin','2019-09-26 08:40:08','',0,3),(1486,'Add Order',1483,2,'#','F','0','device:devWorkOrder:add','#','admin','2019-09-26 08:39:54','',NULL,'',0,3),(1487,'Edit Order',1483,3,'#','F','0','device:devWorkOrder:edit','#','admin','2019-09-26 08:40:28','',NULL,'',0,3),(1488,'Remove Order',1483,4,'#','F','0','device:devWorkOrder:remove','#','admin','2019-09-26 08:40:44','',NULL,'',0,3),(1489,'Line List',1484,1,'#','F','0','production:productionLine:list','#','admin','2019-09-26 08:41:32','',NULL,'',0,3),(1490,'Add Or Edit',1484,2,'#','F','0','production:productionLine:add','#','admin','2019-09-26 08:41:50','',NULL,'',0,3),(1491,'Remove',1484,3,'#','F','0','production:productionLine:remove','#','admin','2019-09-26 08:42:18','',NULL,'',0,3),(1492,'KanBan Mgmt.',1482,3,'/page/pageInfo','C','0','page:pageInfo:view','#','admin','2019-09-26 08:44:29','',NULL,'',0,3),(1493,'List',1492,1,'#','F','0','page:pageInfo:list','#','admin','2019-09-26 08:44:52','',NULL,'',0,3),(1494,'Add Or Edit',1492,2,'#','F','0','page:pageInfo:add','#','admin','2019-09-26 08:45:06','',NULL,'',0,3),(1495,'Remove',1492,3,'#','F','0','page:pageInfo:remove','#','admin','2019-09-26 08:45:45','',NULL,'',0,3),(1496,'Reports',1482,4,'/production/report','C','0','production:report:view','#','admin','2019-09-26 08:46:24','',NULL,'',0,3),(1497,'Export',1496,1,'#','F','0','production:report:pdf','#','admin','2019-09-26 08:46:45','admin','2019-09-27 13:53:21','',0,3),(1498,'Order Exc List',1483,5,'#','F','0','production:workExceptionList:list','#','admin','2019-09-26 11:15:51','admin','2019-09-26 11:17:04','',0,3),(1499,'Order Exc.Type Mgmt.',1483,6,'#','F','0','production:workExceptionList:add','#','admin','2019-09-26 11:16:51','',NULL,'',0,3),(1500,'Message Mgmt.',1,4,'/device/devNotice','C','0','device:devNotice:view','#','admin','2019-09-27 11:01:27','admin','2019-09-27 11:01:39','',0,3),(1501,'Msg List',1500,1,'#','F','0','device:devNotice:list','#','admin','2019-09-27 11:02:01','',NULL,'',0,3),(1502,'Msg Add',1500,2,'#','F','0','device:devNotice:add','#','admin','2019-09-27 11:02:31','',NULL,'',0,3),(1503,'Export Old List',1496,2,'#','F','0','erp:fileSourceInfo:list','#','admin','2019-09-27 13:57:48','',NULL,'',0,3),(1504,'Remove Old List',1496,3,'#','F','0','erp:fileSourceInfo:remove','#','admin','2019-09-27 13:58:09','',NULL,'',0,3),(1505,'Edit Old List',1496,4,'#','F','0','erp:fileSourceInfo:add','#','admin','2019-09-27 13:58:33','',NULL,'',0,3),(1506,'Password',1492,4,'#','F','0','page:pageInfo:pwd','#','admin','2019-10-16 08:27:19','',NULL,'',0,3),(1507,'ä»»åŠ¡ç®¡ç†',2,3,'/monitor/job','C','0','monitor:job:view','#','admin','2019-10-16 10:10:11','',NULL,'',0,0),(1508,'æŸ¥çœ‹ä»»åŠ¡ç®¡ç†',1507,1,'#','F','0','monitor:job:list','#','admin','2019-10-16 10:11:07','',NULL,'',0,0),(1509,'æ–°å¢ä¿®æ”¹ä»»åŠ¡ç®¡ç†',1507,2,'#','F','0','monitor:job:add','#','admin','2019-10-16 10:11:41','',NULL,'',0,0),(1510,'ä»£ç ç”Ÿæˆ',2,4,'/tool/gen','C','0','tool:gen:view','#','admin','2019-10-21 09:02:05','',NULL,'',0,0),(1511,'Company data analysis',1496,5,'#','F','0','production:cost:list','#','admin','2019-10-25 10:26:54','',NULL,'',0,3),(1512,'remove hardware info',1484,4,'#','F','0','device:devList:remove','#','admin','2019-11-21 11:03:24','',NULL,'',0,3);
/*!40000 ALTER TABLE `sys_menu_en` ENABLE KEYS */;
UNLOCK TABLES;

--
-- Table structure for table `sys_notice`
--

DROP TABLE IF EXISTS `sys_notice`;
/*!40101 SET @saved_cs_client     = @@character_set_client */;
 SET character_set_client = utf8mb4 ;
CREATE TABLE `sys_notice` (
  `notice_id` int(4) NOT NULL AUTO_INCREMENT COMMENT 'å…¬å‘ŠID',
  `notice_title` varchar(50) NOT NULL COMMENT 'å…¬å‘Šæ ‡é¢˜',
  `notice_type` char(1) NOT NULL COMMENT 'å…¬å‘Šç±»å‹ï¼ˆ1é€šçŸ¥ 2å…¬å‘Šï¼‰',
  `notice_content` varchar(2000) DEFAULT NULL COMMENT 'å…¬å‘Šå†…å®¹',
  `status` char(1) DEFAULT '0' COMMENT 'å…¬å‘ŠçŠ¶æ€ï¼ˆ0æ­£å¸¸ 1å…³é—­ï¼‰',
  `create_by` varchar(64) DEFAULT '' COMMENT 'åˆ›å»ºè€…',
  `create_time` datetime DEFAULT NULL COMMENT 'åˆ›å»ºæ—¶é—´',
  `update_by` varchar(64) DEFAULT '' COMMENT 'æ›´æ–°è€…',
  `update_time` datetime DEFAULT NULL COMMENT 'æ›´æ–°æ—¶é—´',
  `remark` varchar(255) DEFAULT NULL COMMENT 'å¤‡æ³¨',
  PRIMARY KEY (`notice_id`)
) ENGINE=InnoDB DEFAULT CHARSET=utf8 COMMENT='é€šçŸ¥å…¬å‘Šè¡¨';
/*!40101 SET character_set_client = @saved_cs_client */;

--
-- Dumping data for table `sys_notice`
--

LOCK TABLES `sys_notice` WRITE;
/*!40000 ALTER TABLE `sys_notice` DISABLE KEYS */;
/*!40000 ALTER TABLE `sys_notice` ENABLE KEYS */;
UNLOCK TABLES;

--
-- Table structure for table `sys_oper_log`
--

DROP TABLE IF EXISTS `sys_oper_log`;
/*!40101 SET @saved_cs_client     = @@character_set_client */;
 SET character_set_client = utf8mb4 ;
CREATE TABLE `sys_oper_log` (
  `oper_id` int(11) NOT NULL AUTO_INCREMENT COMMENT 'æ—¥å¿—ä¸»é”®',
  `title` varchar(50) DEFAULT '' COMMENT 'æ¨¡å—æ ‡é¢˜',
  `business_type` int(2) DEFAULT '0' COMMENT 'ä¸šåŠ¡ç±»å‹ï¼ˆ0å…¶å®ƒ 1æ–°å¢ 2ä¿®æ”¹ 3åˆ é™¤ï¼‰',
  `method` varchar(100) DEFAULT '' COMMENT 'æ–¹æ³•åç§°',
  `operator_type` int(1) DEFAULT '0' COMMENT 'æ“ä½œç±»åˆ«ï¼ˆ0å…¶å®ƒ 1åå°ç”¨æˆ· 2æ‰‹æœºç«¯ç”¨æˆ·ï¼‰',
  `oper_name` varchar(50) DEFAULT '' COMMENT 'æ“ä½œäººå‘˜',
  `dept_name` varchar(50) DEFAULT '' COMMENT 'éƒ¨é—¨åç§°',
  `oper_url` varchar(255) DEFAULT '' COMMENT 'è¯·æ±‚URL',
  `oper_ip` varchar(50) DEFAULT '' COMMENT 'ä¸»æœºåœ°å€',
  `oper_location` varchar(255) DEFAULT '' COMMENT 'æ“ä½œåœ°ç‚¹',
  `oper_param` varchar(255) DEFAULT '' COMMENT 'è¯·æ±‚å‚æ•°',
  `status` int(1) DEFAULT '0' COMMENT 'æ“ä½œçŠ¶æ€ï¼ˆ0æ­£å¸¸ 1å¼‚å¸¸ï¼‰',
  `error_msg` varchar(2000) DEFAULT '' COMMENT 'é”™è¯¯æ¶ˆæ¯',
  `oper_time` datetime DEFAULT NULL COMMENT 'æ“ä½œæ—¶é—´',
  PRIMARY KEY (`oper_id`)
) ENGINE=InnoDB DEFAULT CHARSET=utf8 COMMENT='æ“ä½œæ—¥å¿—è®°å½•';
/*!40101 SET character_set_client = @saved_cs_client */;

--
-- Dumping data for table `sys_oper_log`
--

LOCK TABLES `sys_oper_log` WRITE;
/*!40000 ALTER TABLE `sys_oper_log` DISABLE KEYS */;
/*!40000 ALTER TABLE `sys_oper_log` ENABLE KEYS */;
UNLOCK TABLES;

--
-- Table structure for table `sys_post`
--

DROP TABLE IF EXISTS `sys_post`;
/*!40101 SET @saved_cs_client     = @@character_set_client */;
 SET character_set_client = utf8mb4 ;
CREATE TABLE `sys_post` (
  `post_id` int(11) NOT NULL AUTO_INCREMENT COMMENT 'å²—ä½ID',
  `post_code` varchar(64) NOT NULL COMMENT 'å²—ä½ç¼–ç ',
  `post_name` varchar(50) NOT NULL COMMENT 'å²—ä½åç§°',
  `post_sort` int(4) NOT NULL COMMENT 'æ˜¾ç¤ºé¡ºåº',
  `status` char(1) NOT NULL COMMENT 'çŠ¶æ€ï¼ˆ0æ­£å¸¸ 1åœç”¨ï¼‰',
  `create_by` varchar(64) DEFAULT '' COMMENT 'åˆ›å»ºè€…',
  `create_time` datetime DEFAULT NULL COMMENT 'åˆ›å»ºæ—¶é—´',
  `update_by` varchar(64) DEFAULT '' COMMENT 'æ›´æ–°è€…',
  `update_time` datetime DEFAULT NULL COMMENT 'æ›´æ–°æ—¶é—´',
  `remark` varchar(500) DEFAULT NULL COMMENT 'å¤‡æ³¨',
  PRIMARY KEY (`post_id`)
) ENGINE=InnoDB AUTO_INCREMENT=5 DEFAULT CHARSET=utf8 COMMENT='å²—ä½ä¿¡æ¯è¡¨';
/*!40101 SET character_set_client = @saved_cs_client */;

--
-- Dumping data for table `sys_post`
--

LOCK TABLES `sys_post` WRITE;
/*!40000 ALTER TABLE `sys_post` DISABLE KEYS */;
/*!40000 ALTER TABLE `sys_post` ENABLE KEYS */;
UNLOCK TABLES;

--
-- Table structure for table `sys_role`
--

DROP TABLE IF EXISTS `sys_role`;
/*!40101 SET @saved_cs_client     = @@character_set_client */;
 SET character_set_client = utf8mb4 ;
CREATE TABLE `sys_role` (
  `role_id` int(11) NOT NULL AUTO_INCREMENT COMMENT 'è§’è‰²ID',
  `role_name` varchar(30) NOT NULL COMMENT 'è§’è‰²åç§°',
  `role_key` varchar(100) NOT NULL COMMENT 'è§’è‰²æƒé™å­—ç¬¦ä¸²',
  `role_sort` int(4) NOT NULL COMMENT 'æ˜¾ç¤ºé¡ºåº',
  `data_scope` char(1) DEFAULT '1' COMMENT 'æ•°æ®èŒƒå›´ï¼ˆ1ï¼šå…¨éƒ¨æ•°æ®æƒé™ 2ï¼šè‡ªå®šæ•°æ®æƒé™ï¼‰',
  `status` char(1) NOT NULL COMMENT 'è§’è‰²çŠ¶æ€ï¼ˆ0æ­£å¸¸ 1åœç”¨ï¼‰',
  `del_flag` char(1) DEFAULT '0' COMMENT 'åˆ é™¤æ ‡å¿—ï¼ˆ0ä»£è¡¨å­˜åœ¨ 2ä»£è¡¨åˆ é™¤ï¼‰',
  `create_by` varchar(64) DEFAULT '' COMMENT 'åˆ›å»ºè€…',
  `create_time` datetime DEFAULT NULL COMMENT 'åˆ›å»ºæ—¶é—´',
  `update_by` varchar(64) DEFAULT '' COMMENT 'æ›´æ–°è€…',
  `update_time` datetime DEFAULT NULL COMMENT 'æ›´æ–°æ—¶é—´',
  `remark` varchar(500) DEFAULT NULL COMMENT 'å¤‡æ³¨',
  `company_id` int(11) NOT NULL COMMENT 'å…¬å¸ä¸»é”®ID',
  PRIMARY KEY (`role_id`)
) ENGINE=InnoDB AUTO_INCREMENT=4 DEFAULT CHARSET=utf8 COMMENT='è§’è‰²ä¿¡æ¯è¡¨';
/*!40101 SET character_set_client = @saved_cs_client */;

--
-- Dumping data for table `sys_role`
--

LOCK TABLES `sys_role` WRITE;
/*!40000 ALTER TABLE `sys_role` DISABLE KEYS */;
INSERT INTO `sys_role` VALUES (1,'è¶…çº§ç®¡ç†å‘˜','admin',1,'1','0','0','admin','2018-03-16 11:33:00','admin','2019-08-26 09:09:29','ç®¡ç†å‘˜',0),(2,'ç®¡ç†å‘˜','common',3,'1','0','0','admin','2018-03-16 11:33:00','admin','2019-11-25 09:51:27','æ™®é€šè§’è‰²',1),(3,'ç³»ç»Ÿç®¡ç†å‘˜','jty',2,'1','0','0','admin','2019-08-24 17:15:28','admin','2019-08-26 16:20:17','',1);
/*!40000 ALTER TABLE `sys_role` ENABLE KEYS */;
UNLOCK TABLES;

--
-- Table structure for table `sys_role_dept`
--

DROP TABLE IF EXISTS `sys_role_dept`;
/*!40101 SET @saved_cs_client     = @@character_set_client */;
 SET character_set_client = utf8mb4 ;
CREATE TABLE `sys_role_dept` (
  `role_id` int(11) NOT NULL COMMENT 'è§’è‰²ID',
  `dept_id` int(11) NOT NULL COMMENT 'éƒ¨é—¨ID',
  PRIMARY KEY (`role_id`,`dept_id`)
) ENGINE=InnoDB DEFAULT CHARSET=utf8 COMMENT='è§’è‰²å’Œéƒ¨é—¨å…³è”è¡¨';
/*!40101 SET character_set_client = @saved_cs_client */;

--
-- Dumping data for table `sys_role_dept`
--

LOCK TABLES `sys_role_dept` WRITE;
/*!40000 ALTER TABLE `sys_role_dept` DISABLE KEYS */;
/*!40000 ALTER TABLE `sys_role_dept` ENABLE KEYS */;
UNLOCK TABLES;

--
-- Table structure for table `sys_role_menu`
--

DROP TABLE IF EXISTS `sys_role_menu`;
/*!40101 SET @saved_cs_client     = @@character_set_client */;
 SET character_set_client = utf8mb4 ;
CREATE TABLE `sys_role_menu` (
  `role_id` int(11) NOT NULL COMMENT 'è§’è‰²ID',
  `menu_id` int(11) NOT NULL COMMENT 'èœå•ID',
  PRIMARY KEY (`role_id`,`menu_id`)
) ENGINE=InnoDB DEFAULT CHARSET=utf8 COMMENT='è§’è‰²å’Œèœå•å…³è”è¡¨';
/*!40101 SET character_set_client = @saved_cs_client */;

--
-- Dumping data for table `sys_role_menu`
--

LOCK TABLES `sys_role_menu` WRITE;
/*!40000 ALTER TABLE `sys_role_menu` DISABLE KEYS */;
INSERT INTO `sys_role_menu` VALUES (1,1),(1,2),(1,100),(1,101),(1,102),(1,111),(1,112),(1,1000),(1,1001),(1,1002),(1,1003),(1,1004),(1,1005),(1,1006),(1,1007),(1,1008),(1,1009),(1,1010),(1,1011),(1,1012),(1,1013),(1,1014),(1,1015),(1,1058),(1,1059),(1,1060),(1,1062),(1,1071),(1,1074),(1,1086),(1,1087),(1,1088),(1,1089),(1,1090),(1,1107),(1,1108),(1,1109),(1,1110),(1,1111),(1,1118),(1,1119),(1,1120),(1,1121),(1,1122),(1,1123),(1,1143),(1,1297),(1,1299),(1,1303),(1,1304),(1,1305),(1,1306),(1,1341),(1,1369),(1,1416),(1,1417),(1,1418),(1,1419),(2,1),(2,100),(2,101),(2,1000),(2,1001),(2,1002),(2,1003),(2,1004),(2,1005),(2,1006),(2,1007),(2,1008),(2,1009),(2,1010),(2,1011),(2,1058),(2,1059),(2,1060),(2,1062),(2,1071),(2,1074),(2,1083),(2,1084),(2,1086),(2,1087),(2,1088),(2,1089),(2,1090),(2,1107),(2,1108),(2,1109),(2,1110),(2,1111),(2,1118),(2,1119),(2,1120),(2,1121),(2,1122),(2,1123),(2,1143),(2,1297),(2,1299),(2,1303),(2,1304),(2,1305),(2,1306),(2,1341),(2,1369),(2,1416),(2,1417),(2,1418),(2,1419),(2,1431),(2,1438),(2,1439),(2,1440),(2,1442),(2,1443),(2,1444),(2,1445),(2,1446),(2,1447),(2,1448),(2,1449),(2,1450),(2,1451),(2,1452),(2,1453),(2,1454),(2,1455),(2,1456),(2,1457),(2,1458),(2,1459),(2,1460),(2,1461),(2,1462),(2,1463),(2,1464),(2,1465),(2,1466),(2,1467),(2,1468),(2,1469),(2,1470),(2,1471),(2,1472),(2,1473),(2,1474),(2,1475),(2,1476),(2,1477),(2,1478),(2,1479),(2,1480),(2,1481),(2,1482),(2,1483),(2,1484),(2,1485),(2,1486),(2,1487),(2,1488),(2,1489),(2,1490),(2,1491),(2,1492),(2,1493),(2,1494),(2,1495),(2,1496),(2,1497),(2,1498),(2,1499),(2,1500),(2,1501),(2,1502),(2,1503),(2,1504),(2,1505),(2,1506),(2,1511),(2,1512),(3,1),(3,2),(3,100),(3,101),(3,102),(3,111),(3,112),(3,1000),(3,1001),(3,1002),(3,1003),(3,1004),(3,1005),(3,1006),(3,1007),(3,1008),(3,1009),(3,1010),(3,1011),(3,1012),(3,1013),(3,1014),(3,1015),(3,1058),(3,1059),(3,1083),(3,1084),(3,1420),(3,1421),(3,1422),(3,1423),(3,1425),(3,1431),(3,1432),(3,1433),(3,1434),(3,1435),(3,1437);
/*!40000 ALTER TABLE `sys_role_menu` ENABLE KEYS */;
UNLOCK TABLES;

--
-- Table structure for table `sys_user`
--

DROP TABLE IF EXISTS `sys_user`;
/*!40101 SET @saved_cs_client     = @@character_set_client */;
 SET character_set_client = utf8mb4 ;
CREATE TABLE `sys_user` (
  `user_id` int(11) NOT NULL AUTO_INCREMENT COMMENT 'ç”¨æˆ·ID',
  `dept_id` int(11) DEFAULT NULL COMMENT 'éƒ¨é—¨ID',
  `login_name` varchar(30) NOT NULL COMMENT 'ç™»å½•è´¦å·',
  `user_name` varchar(30) NOT NULL COMMENT 'ç”¨æˆ·æ˜µç§°',
  `user_type` varchar(2) DEFAULT '00' COMMENT 'ç”¨æˆ·ç±»å‹ï¼ˆ00ç³»ç»Ÿç”¨æˆ·ï¼‰',
  `email` varchar(50) DEFAULT '' COMMENT 'ç”¨æˆ·é‚®ç®±',
  `phonenumber` varchar(11) DEFAULT '' COMMENT 'æ‰‹æœºå·ç ',
  `login_tag` char(1) DEFAULT '1',
  `sex` char(1) DEFAULT '0' COMMENT 'ç”¨æˆ·æ€§åˆ«ï¼ˆ0ç”· 1å¥³ 2æœªçŸ¥ï¼‰',
  `avatar` varchar(100) DEFAULT '' COMMENT 'å¤´åƒè·¯å¾„',
  `password` varchar(50) DEFAULT '' COMMENT 'å¯†ç ',
  `salt` varchar(20) DEFAULT '' COMMENT 'ç›åŠ å¯†',
  `status` char(1) DEFAULT '0' COMMENT 'å¸å·çŠ¶æ€ï¼ˆ0æ­£å¸¸ 1åœç”¨ï¼‰',
  `del_flag` char(1) DEFAULT '0' COMMENT 'åˆ é™¤æ ‡å¿—ï¼ˆ0ä»£è¡¨å­˜åœ¨ 2ä»£è¡¨åˆ é™¤ï¼‰',
  `login_ip` varchar(50) DEFAULT '' COMMENT 'æœ€åç™»é™†IP',
  `login_date` datetime DEFAULT NULL COMMENT 'æœ€åç™»é™†æ—¶é—´',
  `create_by` varchar(64) DEFAULT '' COMMENT 'åˆ›å»ºè€…',
  `create_time` datetime DEFAULT NULL COMMENT 'åˆ›å»ºæ—¶é—´',
  `update_by` varchar(64) DEFAULT '' COMMENT 'æ›´æ–°è€…',
  `update_time` datetime DEFAULT NULL COMMENT 'æ›´æ–°æ—¶é—´',
  `remark` varchar(500) DEFAULT '' COMMENT 'å¤‡æ³¨',
  `company_id` int(11) NOT NULL COMMENT 'å…¬å¸ä¸»é”®ID',
  `tag` char(1) NOT NULL COMMENT 'ç”¨æˆ·æ ‡è®°',
  `user_position` varchar(32) DEFAULT NULL,
  `user_department` varchar(32) DEFAULT NULL,
  `industry` int(11) DEFAULT '0' COMMENT 'æ‰€å±è¡Œä¸š',
  `devType` varchar(45) DEFAULT NULL COMMENT 'è®¾å¤‡ç±»å‹',
  `devCode` varchar(45) DEFAULT NULL COMMENT 'è®¾å¤‡å·',
  `grade` int(11) DEFAULT '1' COMMENT 'ç”¨æˆ·ç­‰çº§',
  `sign` int(11) DEFAULT '0',
  `lang_version` int(11) DEFAULT '1' COMMENT 'é€‰æ‹©çš„è¯­è¨€ç‰ˆæœ¬ï¼Œé»˜è®¤ä¸º1ä¸­æ–‡ç‰ˆï¼Œ2ä¸ºè‹±æ–‡ç‰ˆ',
  PRIMARY KEY (`user_id`)
) ENGINE=InnoDB AUTO_INCREMENT=3 DEFAULT CHARSET=utf8 COMMENT='ç”¨æˆ·ä¿¡æ¯è¡¨';
/*!40101 SET character_set_client = @saved_cs_client */;

--
-- Dumping data for table `sys_user`
--

LOCK TABLES `sys_user` WRITE;
/*!40000 ALTER TABLE `sys_user` DISABLE KEYS */;
INSERT INTO `sys_user` VALUES (1,103,'admin','èšç‰¹æ˜“ä¿¡æ¯æŠ€æœ¯','00','ry@163.com','15888888888','0','0','http://172.16.30.55:89/profile/mes1/dd51e44e258e6d13f6a5139084be2110.jpg','0036ffb77e9ea3b4632da355e7214b57','c80b8e','0','0','127.0.0.1','2019-06-05 14:49:40','admin','2018-03-16 11:33:00','ry','2019-09-20 08:39:23','ç®¡ç†å‘˜',1,'3',NULL,NULL,0,NULL,NULL,1,0,1),(2,103,'jty','jty','00','13052199701@qq.com','18033419683','0','0','','5a932c464349737c1a7d5b19fdcadb58','f84437','0','0','',NULL,'admin','2019-08-26 11:40:48','admin','2019-08-26 16:19:12','',1,'2',NULL,NULL,0,NULL,NULL,1,0,1);
/*!40000 ALTER TABLE `sys_user` ENABLE KEYS */;
UNLOCK TABLES;

--
-- Table structure for table `sys_user_online`
--

DROP TABLE IF EXISTS `sys_user_online`;
/*!40101 SET @saved_cs_client     = @@character_set_client */;
 SET character_set_client = utf8mb4 ;
CREATE TABLE `sys_user_online` (
  `sessionId` varchar(50) NOT NULL DEFAULT '' COMMENT 'ç”¨æˆ·ä¼šè¯id',
  `login_name` varchar(50) DEFAULT '' COMMENT 'ç™»å½•è´¦å·',
  `dept_name` varchar(50) DEFAULT '' COMMENT 'éƒ¨é—¨åç§°',
  `ipaddr` varchar(50) DEFAULT '' COMMENT 'ç™»å½•IPåœ°å€',
  `login_location` varchar(255) DEFAULT '' COMMENT 'ç™»å½•åœ°ç‚¹',
  `browser` varchar(50) DEFAULT '' COMMENT 'æµè§ˆå™¨ç±»å‹',
  `os` varchar(50) DEFAULT '' COMMENT 'æ“ä½œç³»ç»Ÿ',
  `status` varchar(10) DEFAULT '' COMMENT 'åœ¨çº¿çŠ¶æ€on_lineåœ¨çº¿off_lineç¦»çº¿',
  `start_timestamp` datetime DEFAULT NULL COMMENT 'sessionåˆ›å»ºæ—¶é—´',
  `last_access_time` datetime DEFAULT NULL COMMENT 'sessionæœ€åè®¿é—®æ—¶é—´',
  `expire_time` int(5) DEFAULT '0' COMMENT 'è¶…æ—¶æ—¶é—´ï¼Œå•ä½ä¸ºåˆ†é’Ÿ',
  PRIMARY KEY (`sessionId`)
) ENGINE=InnoDB DEFAULT CHARSET=utf8 COMMENT='åœ¨çº¿ç”¨æˆ·è®°å½•';
/*!40101 SET character_set_client = @saved_cs_client */;

--
-- Dumping data for table `sys_user_online`
--

LOCK TABLES `sys_user_online` WRITE;
/*!40000 ALTER TABLE `sys_user_online` DISABLE KEYS */;
/*!40000 ALTER TABLE `sys_user_online` ENABLE KEYS */;
UNLOCK TABLES;

--
-- Table structure for table `sys_user_post`
--

DROP TABLE IF EXISTS `sys_user_post`;
/*!40101 SET @saved_cs_client     = @@character_set_client */;
 SET character_set_client = utf8mb4 ;
CREATE TABLE `sys_user_post` (
  `user_id` int(11) NOT NULL COMMENT 'ç”¨æˆ·ID',
  `post_id` int(11) NOT NULL COMMENT 'å²—ä½ID',
  PRIMARY KEY (`user_id`,`post_id`)
) ENGINE=InnoDB DEFAULT CHARSET=utf8 COMMENT='ç”¨æˆ·ä¸å²—ä½å…³è”è¡¨';
/*!40101 SET character_set_client = @saved_cs_client */;

--
-- Dumping data for table `sys_user_post`
--

LOCK TABLES `sys_user_post` WRITE;
/*!40000 ALTER TABLE `sys_user_post` DISABLE KEYS */;
INSERT INTO `sys_user_post` VALUES (1,1);
/*!40000 ALTER TABLE `sys_user_post` ENABLE KEYS */;
UNLOCK TABLES;

--
-- Table structure for table `sys_user_role`
--

DROP TABLE IF EXISTS `sys_user_role`;
/*!40101 SET @saved_cs_client     = @@character_set_client */;
 SET character_set_client = utf8mb4 ;
CREATE TABLE `sys_user_role` (
  `user_id` int(11) NOT NULL COMMENT 'ç”¨æˆ·ID',
  `role_id` int(11) NOT NULL COMMENT 'è§’è‰²ID',
  PRIMARY KEY (`user_id`,`role_id`)
) ENGINE=InnoDB DEFAULT CHARSET=utf8 COMMENT='ç”¨æˆ·å’Œè§’è‰²å…³è”è¡¨';
/*!40101 SET character_set_client = @saved_cs_client */;

--
-- Dumping data for table `sys_user_role`
--

LOCK TABLES `sys_user_role` WRITE;
/*!40000 ALTER TABLE `sys_user_role` DISABLE KEYS */;
INSERT INTO `sys_user_role` VALUES (1,1),(2,3);
/*!40000 ALTER TABLE `sys_user_role` ENABLE KEYS */;
UNLOCK TABLES;

--
-- Table structure for table `tab_active_code`
--

DROP TABLE IF EXISTS `tab_active_code`;
/*!40101 SET @saved_cs_client     = @@character_set_client */;
 SET character_set_client = utf8mb4 ;
CREATE TABLE `tab_active_code` (
  `id` int(11) NOT NULL AUTO_INCREMENT,
  `code` varchar(80) DEFAULT NULL COMMENT 'æ¿€æ´»ç ',
  `imei` varchar(45) DEFAULT NULL COMMENT 'æ‰‹æœºIMEIå·',
  `act_sign` int(1) DEFAULT '0' COMMENT 'æ˜¯å¦æ¿€æ´»0ã€å¦ 1ã€æ˜¯',
  `company_id` int(11) DEFAULT NULL COMMENT 'åˆ†é…å…¬å¸',
  `dis_sign` int(11) DEFAULT '0' COMMENT 'æ˜¯å¦åˆ†é…',
  `active_ip` varchar(45) DEFAULT NULL COMMENT 'æ¿€æ´»IP',
  `create_date` datetime DEFAULT NULL COMMENT 'åˆ›å»ºæ—¶é—´',
  `dis_date` datetime DEFAULT NULL COMMENT 'åˆ†é…æ—¶é—´',
  `act_date` datetime DEFAULT NULL COMMENT 'æ¿€æ´»æ—¶é—´',
  PRIMARY KEY (`id`),
  UNIQUE KEY `code_UNIQUE` (`code`),
  UNIQUE KEY `imei_uindex` (`imei`)
) ENGINE=InnoDB DEFAULT CHARSET=utf8 COMMENT='æ¿€æ´»ç ';
/*!40101 SET character_set_client = @saved_cs_client */;

--
-- Dumping data for table `tab_active_code`
--

LOCK TABLES `tab_active_code` WRITE;
/*!40000 ALTER TABLE `tab_active_code` DISABLE KEYS */;
/*!40000 ALTER TABLE `tab_active_code` ENABLE KEYS */;
UNLOCK TABLES;

--
-- Table structure for table `tab_after_service`
--

DROP TABLE IF EXISTS `tab_after_service`;
/*!40101 SET @saved_cs_client     = @@character_set_client */;
 SET character_set_client = utf8mb4 ;
CREATE TABLE `tab_after_service` (
  `id` int(11) NOT NULL AUTO_INCREMENT COMMENT 'å”®åæœåŠ¡ä¸»é”®',
  `input_batch_info` varchar(400) DEFAULT NULL COMMENT 'å½•å…¥æ‰¹æ¬¡ä¿¡æ¯',
  `input_time` datetime DEFAULT NULL COMMENT 'å½•å…¥æ—¶é—´',
  `input_user_id` int(11) DEFAULT NULL COMMENT 'å½•å…¥å¯¹è±¡id',
  `batch_code` varchar(125) DEFAULT NULL COMMENT 'æ‰¹æ¬¡å·(é¢„ç•™å­—æ®µ)',
  `company_id` int(11) DEFAULT NULL COMMENT 'æ‰€å±å…¬å¸id',
  PRIMARY KEY (`id`),
  KEY `as_index` (`input_batch_info`)
) ENGINE=InnoDB DEFAULT CHARSET=utf8 COMMENT='å”®åæœåŠ¡';
/*!40101 SET character_set_client = @saved_cs_client */;

--
-- Dumping data for table `tab_after_service`
--

LOCK TABLES `tab_after_service` WRITE;
/*!40000 ALTER TABLE `tab_after_service` DISABLE KEYS */;
/*!40000 ALTER TABLE `tab_after_service` ENABLE KEYS */;
UNLOCK TABLES;

--
-- Table structure for table `tab_bom_change`
--

DROP TABLE IF EXISTS `tab_bom_change`;
/*!40101 SET @saved_cs_client     = @@character_set_client */;
 SET character_set_client = utf8mb4 ;
CREATE TABLE `tab_bom_change` (
  `id` int(11) NOT NULL AUTO_INCREMENT COMMENT 'ä¸»é”®è‡ªå¢é•¿id',
  `company_id` int(11) DEFAULT NULL COMMENT 'å…¬å¸id',
  `p_id` int(11) DEFAULT NULL COMMENT 'äº§å“id',
  `old_version` int(11) DEFAULT NULL COMMENT 'ä¸Šä¸€ä¸ªç‰ˆæœ¬',
  `new_version` int(11) DEFAULT NULL COMMENT 'æ–°ç‰ˆæœ¬',
  `c_time` datetime DEFAULT NULL COMMENT 'åˆ›å»ºæ—¶é—´',
  `c_id` int(11) DEFAULT NULL COMMENT 'åˆ›å»ºè€…',
  `sh_time` datetime DEFAULT NULL COMMENT 'å®¡æ ¸æ—¶é—´',
  `sh_id` int(11) DEFAULT NULL COMMENT 'å®¡æ ¸äºº',
  `sh_status` int(11) DEFAULT '0' COMMENT 'å®¡æ ¸çŠ¶æ€(0ã€æœªå®¡æ ¸ 1ã€å·²å®¡æ ¸)',
  `change_text` text COMMENT 'ä¿®æ”¹å†…å®¹(æ¯è¡Œç”¨<br/>éš”å¼€)',
  `new_bom_id` int(11) DEFAULT NULL COMMENT 'BOM id',
  `old_bom_id` int(11) DEFAULT NULL,
  `def_id` int(11) DEFAULT '0',
  PRIMARY KEY (`id`),
  UNIQUE KEY `new_bom_id` (`new_bom_id`)
) ENGINE=InnoDB DEFAULT CHARSET=utf8 COMMENT='BOMæ›´æ”¹è®°å½•';
/*!40101 SET character_set_client = @saved_cs_client */;

--
-- Dumping data for table `tab_bom_change`
--

LOCK TABLES `tab_bom_change` WRITE;
/*!40000 ALTER TABLE `tab_bom_change` DISABLE KEYS */;
/*!40000 ALTER TABLE `tab_bom_change` ENABLE KEYS */;
UNLOCK TABLES;

--
-- Table structure for table `tab_bom_config`
--

DROP TABLE IF EXISTS `tab_bom_config`;
/*!40101 SET @saved_cs_client     = @@character_set_client */;
 SET character_set_client = utf8mb4 ;
CREATE TABLE `tab_bom_config` (
  `id` int(11) NOT NULL AUTO_INCREMENT COMMENT 'ä¸»é”®è‡ªå¢é•¿id',
  `company_id` int(11) DEFAULT NULL COMMENT 'å…¬å¸id',
  `materiel_code` int(11) NOT NULL COMMENT 'ç‰©æ–™ç¼–ç ä¸‹æ ‡',
  `materiel_name` int(11) NOT NULL COMMENT 'ç‰©æ–™åç§°ä¸‹æ ‡',
  `materiel_model` int(11) NOT NULL COMMENT 'ç‰©æ–™å‹å·ä¸‹æ ‡',
  `number` int(11) NOT NULL COMMENT 'ç”¨é‡ä¸‹æ ‡',
  `unit` int(11) DEFAULT NULL COMMENT 'å•ä½ä¸‹æ ‡',
  `place_number` int(11) DEFAULT NULL COMMENT 'ä½å·ä¸‹æ ‡',
  `remark_index` int(11) DEFAULT NULL COMMENT 'å¤‡æ³¨ä¸‹æ ‡',
  `create_time` datetime DEFAULT NULL COMMENT 'åˆ›å»ºæ—¶é—´',
  `row_index` int(11) DEFAULT NULL COMMENT 'ä»ç¬¬å‡ è¡Œå¼€å§‹è§£æ',
  `c_type` int(11) DEFAULT '0',
  PRIMARY KEY (`id`)
) ENGINE=InnoDB DEFAULT CHARSET=utf8 COMMENT='å¯¼å…¥é…ç½®';
/*!40101 SET character_set_client = @saved_cs_client */;

--
-- Dumping data for table `tab_bom_config`
--

LOCK TABLES `tab_bom_config` WRITE;
/*!40000 ALTER TABLE `tab_bom_config` DISABLE KEYS */;
/*!40000 ALTER TABLE `tab_bom_config` ENABLE KEYS */;
UNLOCK TABLES;

--
-- Table structure for table `tab_file_source_info`
--

DROP TABLE IF EXISTS `tab_file_source_info`;
/*!40101 SET @saved_cs_client     = @@character_set_client */;
 SET character_set_client = utf8mb4 ;
CREATE TABLE `tab_file_source_info` (
  `id` int(11) NOT NULL AUTO_INCREMENT COMMENT 'ä¸»é”®ï¼Œè‡ªå¢é•¿',
  `company_id` int(11) DEFAULT NULL COMMENT 'æ‰€å±å…¬å¸',
  `file_type` int(11) DEFAULT '1' COMMENT 'æ–‡ä»¶ç±»å‹',
  `save_type` int(11) DEFAULT '1' COMMENT 'ä¿å­˜ç±»å‹',
  `save_id` int(11) DEFAULT NULL COMMENT 'ä¿å­˜id',
  `save_path` varchar(245) DEFAULT NULL,
  `file_path` varchar(245) DEFAULT NULL COMMENT 'æ–‡ä»¶è·¯å¾„',
  `file_name` varchar(245) DEFAULT NULL COMMENT 'æ–‡ä»¶åç§°',
  `create_time` datetime DEFAULT NULL COMMENT 'ä¸Šä¼ æ—¶é—´',
  `f_size` bigint(20) DEFAULT '0' COMMENT 'æ–‡ä»¶å¤§å°',
  PRIMARY KEY (`id`),
  KEY `com_type_index` (`company_id`,`save_type`)
) ENGINE=InnoDB DEFAULT CHARSET=utf8 COMMENT='æ–‡ä»¶ç´ æç®¡ç†';
/*!40101 SET character_set_client = @saved_cs_client */;

--
-- Dumping data for table `tab_file_source_info`
--

LOCK TABLES `tab_file_source_info` WRITE;
/*!40000 ALTER TABLE `tab_file_source_info` DISABLE KEYS */;
/*!40000 ALTER TABLE `tab_file_source_info` ENABLE KEYS */;
UNLOCK TABLES;

--
-- Table structure for table `tab_import_config`
--

DROP TABLE IF EXISTS `tab_import_config`;
/*!40101 SET @saved_cs_client     = @@character_set_client */;
 SET character_set_client = utf8mb4 ;
CREATE TABLE `tab_import_config` (
  `id` int(11) NOT NULL AUTO_INCREMENT,
  `company_id` int(11) DEFAULT NULL COMMENT 'å…¬å¸id',
  `con1` int(11) DEFAULT NULL COMMENT 'äº§å“ç¼–ç ã€åŠäº§å“ç¼–ç ',
  `con2` int(11) DEFAULT NULL COMMENT 'äº§å“åç§°/åŠäº§å“åç§°',
  `con3` int(11) DEFAULT NULL COMMENT 'äº§å“å‹å·/åŠæˆå“ä¿¡å·',
  `price` int(11) DEFAULT NULL COMMENT 'å•ä»·',
  `con4` int(11) DEFAULT NULL COMMENT 'æ ‡å‡†å·¥æ—¶',
  `con5` int(11) DEFAULT '0' COMMENT 'å¤‡æ³¨ä¿¡æ¯',
  `c_type` int(11) DEFAULT '0' COMMENT 'é…ç½®ç±»å‹ 0ã€äº§å“é…ç½® 1ã€åŠæˆå“é…ç½®',
  `c_time` datetime DEFAULT NULL COMMENT 'æ“ä½œæ—¶é—´',
  `unit` int(11) NOT NULL DEFAULT '0' COMMENT 'å•ä½',
  `row_index` int(11) DEFAULT '1',
  `c_sign` int(11) DEFAULT '0' COMMENT 'ç”¨äºæ ‡è®°æ˜¯å¦é…ç½®å›¾ç‰‡è§£æé…ç½®',
  `app_id` varchar(345) DEFAULT NULL,
  `api_key` varchar(345) DEFAULT NULL,
  `secret_key` varchar(345) DEFAULT NULL,
  PRIMARY KEY (`id`),
  UNIQUE KEY `type_uindex` (`c_type`,`company_id`)
) ENGINE=InnoDB DEFAULT CHARSET=utf8 COMMENT='å¯¼å…¥é…ç½®';
/*!40101 SET character_set_client = @saved_cs_client */;

--
-- Dumping data for table `tab_import_config`
--

LOCK TABLES `tab_import_config` WRITE;
/*!40000 ALTER TABLE `tab_import_config` DISABLE KEYS */;
/*!40000 ALTER TABLE `tab_import_config` ENABLE KEYS */;
UNLOCK TABLES;

--
-- Table structure for table `tab_iso`
--

DROP TABLE IF EXISTS `tab_iso`;
/*!40101 SET @saved_cs_client     = @@character_set_client */;
 SET character_set_client = utf8mb4 ;
CREATE TABLE `tab_iso` (
  `iso_id` int(11) NOT NULL AUTO_INCREMENT,
  `c_name` varchar(145) DEFAULT NULL COMMENT 'ä¸­æ–‡åç§°',
  `e_name` varchar(145) DEFAULT NULL COMMENT 'è‹±æ–‡åç§°',
  `disk` varchar(245) DEFAULT NULL COMMENT 'æ–‡ä»¶å¤¹è·¯å¾„',
  `disk_path` varchar(245) DEFAULT NULL COMMENT 'è®¿é—®æ‹¼æ¥åœ°å€',
  `path` varchar(245) DEFAULT NULL COMMENT 'è®¿é—®è·¯å¾„',
  `i_type` int(11) DEFAULT '0' COMMENT 'æ–‡ä»¶ç±»å‹ï¼Œ0ã€æ–‡ä»¶å¤¹ 1ã€æ–‡ä»¶',
  `file_size` varchar(45) DEFAULT '--' COMMENT 'æ–‡ä»¶å¤§å°',
  `category` int(11) DEFAULT '0' COMMENT 'ç±»åˆ« 0ã€æ™®é€šæ–‡ä»¶ 1ã€SOP 2ã€ECN 3ã€DCN',
  `company_id` int(11) DEFAULT NULL COMMENT 'å…¬å¸id',
  `parent_id` int(11) DEFAULT '0' COMMENT 'çˆ¶ç±»åˆ«id',
  `grparent_id` int(11) DEFAULT '0' COMMENT 'ç¥–çˆ¶id',
  `c_id` int(11) DEFAULT '0' COMMENT 'åˆ›å»ºè€…id',
  `c_time` datetime DEFAULT NULL COMMENT 'åˆ›å»ºæ—¶é—´',
  `def_id` int(11) DEFAULT '1' COMMENT 'æ˜¯å¦å¯ä»¥åˆ é™¤ 0ã€ä¸èƒ½ 1ã€å¯ä»¥',
  `f_size` bigint(20) DEFAULT '0',
  PRIMARY KEY (`iso_id`)
) ENGINE=InnoDB DEFAULT CHARSET=utf8 COMMENT='æ–‡ä»¶ç®¡ç†';
/*!40101 SET character_set_client = @saved_cs_client */;

--
-- Dumping data for table `tab_iso`
--

LOCK TABLES `tab_iso` WRITE;
/*!40000 ALTER TABLE `tab_iso` DISABLE KEYS */;
/*!40000 ALTER TABLE `tab_iso` ENABLE KEYS */;
UNLOCK TABLES;

--
-- Table structure for table `tab_jpush_info`
--

DROP TABLE IF EXISTS `tab_jpush_info`;
/*!40101 SET @saved_cs_client     = @@character_set_client */;
 SET character_set_client = utf8mb4 ;
CREATE TABLE `tab_jpush_info` (
  `id` int(11) NOT NULL AUTO_INCREMENT,
  `company_number` varchar(45) DEFAULT NULL,
  `first_time` varchar(125) DEFAULT NULL,
  `last_time` datetime DEFAULT NULL,
  PRIMARY KEY (`id`),
  UNIQUE KEY `j_unindex` (`company_number`,`first_time`)
) ENGINE=InnoDB DEFAULT CHARSET=utf8 COMMENT='æå…‰æ¨é€è®°å½•';
/*!40101 SET character_set_client = @saved_cs_client */;

--
-- Dumping data for table `tab_jpush_info`
--

LOCK TABLES `tab_jpush_info` WRITE;
/*!40000 ALTER TABLE `tab_jpush_info` DISABLE KEYS */;
/*!40000 ALTER TABLE `tab_jpush_info` ENABLE KEYS */;
UNLOCK TABLES;

--
-- Table structure for table `tab_materiel`
--

DROP TABLE IF EXISTS `tab_materiel`;
/*!40101 SET @saved_cs_client     = @@character_set_client */;
 SET character_set_client = utf8mb4 ;
CREATE TABLE `tab_materiel` (
  `id` int(11) NOT NULL AUTO_INCREMENT COMMENT 'ç‰©æ–™ä¸»é”®ID',
  `company_id` int(11) DEFAULT NULL COMMENT 'å…¬å¸ä¸»é”®ID',
  `materiel_code` varchar(45) NOT NULL COMMENT 'ç‰©æ–™ç¼–ç ',
  `materiel_name` varchar(45) DEFAULT NULL COMMENT 'ç‰©æ–™åç§°',
  `materiel_model` varchar(45) NOT NULL COMMENT 'ç‰©æ–™å‹å·',
  `price` decimal(10,2) DEFAULT '0.00' COMMENT 'å•ä»·(å«ç¨)',
  `materiel_img` text COMMENT 'ç‰©æ–™å›¾ç‰‡(æœ€å¤šäº”å¼ )',
  `img_size` int(11) DEFAULT '0' COMMENT 'å›¾ç‰‡å¼ æ•°',
  `remark` text COMMENT 'å¤‡æ³¨ä¿¡æ¯',
  `create_id` int(11) DEFAULT NULL COMMENT 'åˆ›å»ºè€…',
  `create_name` varchar(45) DEFAULT NULL COMMENT 'åˆ›å»ºè€…åç§°',
  `create_time` datetime DEFAULT NULL COMMENT 'åˆ›å»ºæ—¶é—´',
  `unit` varchar(45) DEFAULT NULL COMMENT 'ç‰©æ–™æ·»åŠ å•ä½',
  PRIMARY KEY (`id`),
  UNIQUE KEY `m_u_index` (`materiel_code`)
) ENGINE=InnoDB DEFAULT CHARSET=utf8 COMMENT='ç‰©æ–™';
/*!40101 SET character_set_client = @saved_cs_client */;

--
-- Dumping data for table `tab_materiel`
--

LOCK TABLES `tab_materiel` WRITE;
/*!40000 ALTER TABLE `tab_materiel` DISABLE KEYS */;
/*!40000 ALTER TABLE `tab_materiel` ENABLE KEYS */;
UNLOCK TABLES;

--
-- Table structure for table `tab_mes_batch`
--

DROP TABLE IF EXISTS `tab_mes_batch`;
/*!40101 SET @saved_cs_client     = @@character_set_client */;
 SET character_set_client = utf8mb4 ;
CREATE TABLE `tab_mes_batch` (
  `id` int(11) NOT NULL AUTO_INCREMENT COMMENT 'ä¸»é”®ï¼Œè‡ªå¢é•¿',
  `company_id` int(11) DEFAULT NULL COMMENT 'å…¬å¸id',
  `mes_code` varchar(65) DEFAULT NULL COMMENT 'ä¸»ç ',
  `work_code` varchar(45) DEFAULT NULL COMMENT 'å·¥å•å·',
  `order_code` varchar(45) DEFAULT NULL COMMENT 'è®¢å•å·',
  `pb_code` varchar(45) DEFAULT NULL COMMENT 'äº§å“/åŠæˆå“ç¼–ç ',
  `rule_id` int(11) DEFAULT NULL COMMENT 'è§„åˆ™id',
  `rule_name` varchar(145) DEFAULT NULL COMMENT 'è§„åˆ™åç§°',
  `rule_materiel` varchar(645) DEFAULT NULL COMMENT 'è§„åˆ™ç‰©æ–™',
  `c_time` datetime DEFAULT NULL COMMENT 'åˆ›å»ºæ—¶é—´',
  `u_time` datetime DEFAULT NULL,
  `mes_sign` varchar(45) DEFAULT NULL COMMENT 'mesæ ‡è®°æ‰«æå­—æ®µ(1-12ä¼˜å…ˆçº§åˆ«é€’å¢)ã€0ä»£è¡¨ç”Ÿäº§æœªæ‰«æï¼Œ1ï¼Œä»£è¡¨ç”Ÿäº§å·²æ‰«æ',
  PRIMARY KEY (`id`),
  UNIQUE KEY `code_uindex` (`mes_code`,`company_id`),
  KEY `work_index` (`work_code`),
  KEY `order_index` (`order_code`)
) ENGINE=InnoDB DEFAULT CHARSET=utf8 COMMENT='MESæ‰¹å‡†è¿½è¸ª';
/*!40101 SET character_set_client = @saved_cs_client */;

--
-- Dumping data for table `tab_mes_batch`
--

LOCK TABLES `tab_mes_batch` WRITE;
/*!40000 ALTER TABLE `tab_mes_batch` DISABLE KEYS */;
/*!40000 ALTER TABLE `tab_mes_batch` ENABLE KEYS */;
UNLOCK TABLES;

--
-- Table structure for table `tab_mes_batch_detail`
--

DROP TABLE IF EXISTS `tab_mes_batch_detail`;
/*!40101 SET @saved_cs_client     = @@character_set_client */;
 SET character_set_client = utf8mb4 ;
CREATE TABLE `tab_mes_batch_detail` (
  `id` int(11) NOT NULL AUTO_INCREMENT COMMENT 'ä¸»é”®ï¼Œè‡ªå¢é•¿',
  `b_id` int(11) DEFAULT NULL COMMENT 'è¿½è¸ªid',
  `materiel_code` varchar(45) DEFAULT NULL COMMENT 'ç‰©æ–™ç¼–ç ',
  `batch_code` varchar(45) DEFAULT NULL COMMENT 'æ‰¹æ¬¡å·',
  `pro_batch_code` varchar(45) DEFAULT NULL COMMENT 'ç”Ÿäº§MESæ‰¹æ¬¡ä¿¡æ¯',
  `c_time` datetime DEFAULT NULL COMMENT 'åˆ›å»ºæ—¶é—´',
  `d_tag` int(11) DEFAULT '0' COMMENT 'å…³è”åŠæˆå“æ˜¯å¦é…ç½®(é»˜è®¤å€¼0æœªé…ç½®ï¼Œ1å·²é…ç½®)',
  `d_type` int(11) DEFAULT '2' COMMENT 'MESå…³è”ç±»å‹(é»˜è®¤å€¼2ç‰©æ–™ï¼Œ1åŠæˆå“)',
  `mes_number` int(11) DEFAULT NULL COMMENT 'mesæ‰¹æ¬¡æ•°é‡',
  `rule_order` int(11) DEFAULT NULL COMMENT 'mesæ•°æ®è§„åˆ™æ’åº(7ä»£è¡¨æ— å…ˆåé¡ºåºï¼Œ1-6ä¼˜å…ˆçº§åˆ«é€æ¸é€’å‡)',
  PRIMARY KEY (`id`),
  KEY `m_d_index` (`b_id`),
  KEY `m_ds_index` (`batch_code`)
) ENGINE=InnoDB DEFAULT CHARSET=utf8 COMMENT='MESæ‰¹å‡†è¿½è¸ªè¯¦æƒ…';
/*!40101 SET character_set_client = @saved_cs_client */;

--
-- Dumping data for table `tab_mes_batch_detail`
--

LOCK TABLES `tab_mes_batch_detail` WRITE;
/*!40000 ALTER TABLE `tab_mes_batch_detail` DISABLE KEYS */;
/*!40000 ALTER TABLE `tab_mes_batch_detail` ENABLE KEYS */;
UNLOCK TABLES;

--
-- Table structure for table `tab_mes_batch_rule`
--

DROP TABLE IF EXISTS `tab_mes_batch_rule`;
/*!40101 SET @saved_cs_client     = @@character_set_client */;
 SET character_set_client = utf8mb4 ;
CREATE TABLE `tab_mes_batch_rule` (
  `id` int(11) NOT NULL AUTO_INCREMENT COMMENT 'ä¸»é”®ï¼Œè‡ªå¢é•¿',
  `company_id` int(11) DEFAULT NULL COMMENT 'å…¬å¸id',
  `rule_name` varchar(145) DEFAULT NULL COMMENT 'è§„åˆ™åç§°',
  `p_type` int(11) DEFAULT '0' COMMENT 'ç±»å‹åŒºåˆ†',
  `materiels` varchar(600) DEFAULT NULL COMMENT 'ç‰©æ–™ç¼–ç ',
  `c_time` datetime DEFAULT NULL COMMENT 'åˆ›å»ºæ—¶é—´',
  `u_time` datetime DEFAULT NULL COMMENT 'ä¿®æ”¹æ—¶é—´',
  `status` int(11) DEFAULT '0' COMMENT 'è§„æ ¼æ’åºæ˜¯å¦æœ‰æ•ˆ(0ã€é»˜è®¤å€¼æ— æ•ˆï¼Œ1ã€æœ‰æ•ˆ)',
  PRIMARY KEY (`id`),
  UNIQUE KEY `name_uindex` (`rule_name`,`company_id`),
  KEY `materiels_index` (`materiels`)
) ENGINE=InnoDB DEFAULT CHARSET=utf8 COMMENT='MESæ‰¹å‡†è¿½è¸ªè§„åˆ™';
/*!40101 SET character_set_client = @saved_cs_client */;

--
-- Dumping data for table `tab_mes_batch_rule`
--

LOCK TABLES `tab_mes_batch_rule` WRITE;
/*!40000 ALTER TABLE `tab_mes_batch_rule` DISABLE KEYS */;
/*!40000 ALTER TABLE `tab_mes_batch_rule` ENABLE KEYS */;
UNLOCK TABLES;

--
-- Table structure for table `tab_mes_batch_rule_detail`
--

DROP TABLE IF EXISTS `tab_mes_batch_rule_detail`;
/*!40101 SET @saved_cs_client     = @@character_set_client */;
 SET character_set_client = utf8mb4 ;
CREATE TABLE `tab_mes_batch_rule_detail` (
  `id` int(11) NOT NULL AUTO_INCREMENT COMMENT 'MESè§„åˆ™æ˜ç»†id',
  `rule_id` int(11) DEFAULT NULL COMMENT 'MESè§„åˆ™ä¸»è¡¨id',
  `d_type` int(11) DEFAULT '2' COMMENT 'é…ç½®è§„åˆ™æ˜ç»†ç±»å‹(1ã€åŠæˆå“ï¼Œ2ã€ç‰©æ–™é»˜è®¤å€¼)',
  `d_code` varchar(125) DEFAULT NULL COMMENT 'åŠæˆå“/ç‰©æ–™çš„ç¼–ç ',
  `d_tag` int(11) DEFAULT '0' COMMENT 'ç”¨äºåˆ¤æ–­åŠæˆå“æ˜¯å¦å·²ç»é…ç½®äº†MESè§„åˆ™(0ã€é»˜è®¤å€¼æœªé…ç½®ï¼Œ1ã€å·²é…ç½®)',
  `rule_order` int(11) DEFAULT NULL COMMENT 'è§„åˆ™æ’åº(é»˜è®¤7æ— ä¼˜å…ˆçº§åˆ«ï¼Œ1-6ä¼˜å…ˆçº§åˆ«é€’å‡ï¼Œ1æœ€é«˜)',
  PRIMARY KEY (`id`),
  KEY `m_s_index` (`d_type`,`d_code`)
) ENGINE=InnoDB DEFAULT CHARSET=utf8 COMMENT='MESé…ç½®è§„åˆ™æ˜ç»†';
/*!40101 SET character_set_client = @saved_cs_client */;

--
-- Dumping data for table `tab_mes_batch_rule_detail`
--

LOCK TABLES `tab_mes_batch_rule_detail` WRITE;
/*!40000 ALTER TABLE `tab_mes_batch_rule_detail` DISABLE KEYS */;
/*!40000 ALTER TABLE `tab_mes_batch_rule_detail` ENABLE KEYS */;
UNLOCK TABLES;

--
-- Table structure for table `tab_mes_part_log`
--

DROP TABLE IF EXISTS `tab_mes_part_log`;
/*!40101 SET @saved_cs_client     = @@character_set_client */;
 SET character_set_client = utf8mb4 ;
CREATE TABLE `tab_mes_part_log` (
  `id` int(11) NOT NULL AUTO_INCREMENT COMMENT 'åŠæˆå“mesæ‰¹æ¬¡è¿½è¸ªè®°å½•ä¸»é”®id',
  `work_code` varchar(45) DEFAULT NULL COMMENT 'å¯¹åº”å·¥å•ç¼–å·',
  `part_code` varchar(65) DEFAULT NULL COMMENT 'åŠæˆå“ç¼–ç ',
  `mes_code` varchar(65) DEFAULT NULL COMMENT 'å¯¹åº”çš„ä¸»ç ç¼–å·',
  `materiel_code` varchar(65) DEFAULT NULL COMMENT 'å…³è”ç¼–ç ',
  `batch_code` varchar(125) DEFAULT NULL COMMENT 'æ‰¹æ¬¡ä¿¡æ¯',
  `c_time` datetime DEFAULT NULL COMMENT 'åˆ›å»ºæ—¶é—´',
  PRIMARY KEY (`id`)
) ENGINE=InnoDB DEFAULT CHARSET=utf8 COMMENT='åŠæˆå“mesæ‰¹æ¬¡è¿½è¸ªè®°å½•';
/*!40101 SET character_set_client = @saved_cs_client */;

--
-- Dumping data for table `tab_mes_part_log`
--

LOCK TABLES `tab_mes_part_log` WRITE;
/*!40000 ALTER TABLE `tab_mes_part_log` DISABLE KEYS */;
/*!40000 ALTER TABLE `tab_mes_part_log` ENABLE KEYS */;
UNLOCK TABLES;

--
-- Table structure for table `tab_nect_work_single`
--

DROP TABLE IF EXISTS `tab_nect_work_single`;
/*!40101 SET @saved_cs_client     = @@character_set_client */;
 SET character_set_client = utf8mb4 ;
CREATE TABLE `tab_nect_work_single` (
  `id` int(11) NOT NULL AUTO_INCREMENT COMMENT 'å·¥å•å•å·¥ä½å…³è”è¡¨ä¸»é”®id',
  `work_id` int(11) DEFAULT NULL COMMENT 'å·¥å•id',
  `sw_id` int(11) DEFAULT NULL COMMENT 'å•å·¥ä½ä¸»é”®id',
  `c_time` datetime DEFAULT NULL COMMENT 'é…ç½®æ—¶é—´',
  PRIMARY KEY (`id`)
) ENGINE=InnoDB DEFAULT CHARSET=utf8 COMMENT='å·¥å•å•å·¥ä½å…³è”è¡¨';
/*!40101 SET character_set_client = @saved_cs_client */;

--
-- Dumping data for table `tab_nect_work_single`
--

LOCK TABLES `tab_nect_work_single` WRITE;
/*!40000 ALTER TABLE `tab_nect_work_single` DISABLE KEYS */;
/*!40000 ALTER TABLE `tab_nect_work_single` ENABLE KEYS */;
UNLOCK TABLES;

--
-- Table structure for table `tab_single_work`
--

DROP TABLE IF EXISTS `tab_single_work`;
/*!40101 SET @saved_cs_client     = @@character_set_client */;
 SET character_set_client = utf8mb4 ;
CREATE TABLE `tab_single_work` (
  `id` int(11) NOT NULL AUTO_INCREMENT COMMENT 'å•å·¥ä½ä¸»é”®id',
  `company_id` int(11) DEFAULT NULL COMMENT 'å…¬å¸ä¸»é”®id',
  `workshop_name` varchar(45) DEFAULT NULL COMMENT 'è½¦é—´åç§°',
  `im_id` int(11) DEFAULT NULL COMMENT 'è®¾å¤‡ä¸»é”®id',
  `im_code` varchar(125) DEFAULT NULL COMMENT 'è®¾å¤‡ç¼–å·',
  `sign` int(11) DEFAULT '1' COMMENT 'æ ‡è®°(0ã€è½¦é—´ 1ã€è®¾å¤‡)',
  `liable_one` int(11) DEFAULT NULL COMMENT 'è´£ä»»äºº1(å¦‚æœæ˜¯è½¦é—´åˆ™æ˜¯è´£ä»»äººï¼Œæ˜¯è®¾å¤‡åˆ™æ˜¯å‘˜å·¥)',
  `liable_two` int(11) DEFAULT NULL,
  `dev_id` int(11) DEFAULT '0' COMMENT 'è®¡æ•°å™¨id(é»˜è®¤æ˜¯0ã€æœªé…ç½®)',
  `dev_code` varchar(45) DEFAULT NULL COMMENT 'è®¡æ•°å™¨ç¡¬ä»¶ç¼–å·',
  `watch_id` int(11) DEFAULT '0' COMMENT 'çœ‹æ¿ç¡¬ä»¶id',
  `watch_code` varchar(45) DEFAULT NULL COMMENT 'çœ‹æ¿ç¡¬ä»¶ç¼–ç ',
  `e_id` int(11) DEFAULT '0' COMMENT 'æ‰«ç æªç¡¬ä»¶id',
  `e_code` varchar(45) DEFAULT NULL COMMENT 'æ‰«ç æªç¡¬ä»¶ç¼–ç ',
  `c_time` datetime DEFAULT NULL,
  `parent_id` int(11) DEFAULT '0' COMMENT 'ä¸Šä¸€çº§id(çˆ¶id)',
  `sop_sign` int(11) DEFAULT '0' COMMENT 'é¢„ç•™å­—æ®µ',
  PRIMARY KEY (`id`),
  KEY `sw_sop_index` (`parent_id`,`liable_one`,`company_id`) /*!80000 INVISIBLE */,
  KEY `kb_sw_index` (`company_id`,`liable_one`,`sign`,`dev_id`)
) ENGINE=InnoDB DEFAULT CHARSET=utf8 COMMENT='å•å·¥ä½æ•°æ®è¡¨';
/*!40101 SET character_set_client = @saved_cs_client */;

--
-- Dumping data for table `tab_single_work`
--

LOCK TABLES `tab_single_work` WRITE;
/*!40000 ALTER TABLE `tab_single_work` DISABLE KEYS */;
/*!40000 ALTER TABLE `tab_single_work` ENABLE KEYS */;
UNLOCK TABLES;

--
-- Table structure for table `tab_single_work_order`
--

DROP TABLE IF EXISTS `tab_single_work_order`;
/*!40101 SET @saved_cs_client     = @@character_set_client */;
 SET character_set_client = utf8mb4 ;
CREATE TABLE `tab_single_work_order` (
  `id` int(11) NOT NULL AUTO_INCREMENT,
  `work_id` int(11) DEFAULT NULL COMMENT 'å·¥å•id',
  `work_code` varchar(45) DEFAULT NULL COMMENT 'å·¥å•ç¼–å·',
  `single_id` int(11) DEFAULT NULL COMMENT 'å•å·¥ä½id',
  `single_p` int(11) DEFAULT NULL COMMENT 'çˆ¶çº§id',
  `c_time` datetime DEFAULT NULL COMMENT 'é…ç½®æ—¶é—´',
  PRIMARY KEY (`id`),
  KEY `work_index` (`work_id`),
  KEY `single_index` (`single_id`)
) ENGINE=InnoDB DEFAULT CHARSET=utf8 COMMENT='å•å·¥ä½ä¸å·¥å•è¿›è¡Œé…ç½®';
/*!40101 SET character_set_client = @saved_cs_client */;

--
-- Dumping data for table `tab_single_work_order`
--

LOCK TABLES `tab_single_work_order` WRITE;
/*!40000 ALTER TABLE `tab_single_work_order` DISABLE KEYS */;
/*!40000 ALTER TABLE `tab_single_work_order` ENABLE KEYS */;
UNLOCK TABLES;

--
-- Table structure for table `tab_soft_version`
--

DROP TABLE IF EXISTS `tab_soft_version`;
/*!40101 SET @saved_cs_client     = @@character_set_client */;
 SET character_set_client = utf8mb4 ;
CREATE TABLE `tab_soft_version` (
  `id` int(11) NOT NULL AUTO_INCREMENT,
  `type` varchar(45) DEFAULT NULL COMMENT 'æ‰‹æœºç«¯ç±»å‹',
  `version` varchar(45) DEFAULT NULL COMMENT 'ç‰ˆæœ¬å·',
  `tag` int(11) DEFAULT NULL COMMENT 'ç±»å‹(1ã€ASOPï¼Œ2ã€ç”Ÿäº§çœ‹æ¿ï¼Œ3ã€ç”¨æˆ·APPç«¯)',
  PRIMARY KEY (`id`),
  UNIQUE KEY `tag_unique` (`type`,`tag`)
) ENGINE=InnoDB AUTO_INCREMENT=7 DEFAULT CHARSET=utf8 COMMENT='appè½¯ä»¶';
/*!40101 SET character_set_client = @saved_cs_client */;

--
-- Dumping data for table `tab_soft_version`
--

LOCK TABLES `tab_soft_version` WRITE;
/*!40000 ALTER TABLE `tab_soft_version` DISABLE KEYS */;
INSERT INTO `tab_soft_version` VALUES (1,'android','2.0',3),(2,'ios','1.0',3),(3,'android','1.0',2),(4,'ios','1.0',2),(5,'android','1.0',1),(6,'ios','1.0',1);
/*!40000 ALTER TABLE `tab_soft_version` ENABLE KEYS */;
UNLOCK TABLES;

--
-- Table structure for table `tab_sop`
--

DROP TABLE IF EXISTS `tab_sop`;
/*!40101 SET @saved_cs_client     = @@character_set_client */;
 SET character_set_client = utf8mb4 ;
CREATE TABLE `tab_sop` (
  `id` int(11) NOT NULL AUTO_INCREMENT,
  `company_id` int(11) DEFAULT NULL COMMENT 'å…¬å¸id',
  `cnf_name` varchar(245) DEFAULT NULL COMMENT 'é…ç½®åç§°',
  `line_id` int(11) DEFAULT NULL COMMENT 'äº§çº¿åç§°',
  `sop_id` int(11) DEFAULT NULL COMMENT 'sopä¹¦id',
  `p_id` varchar(845) DEFAULT NULL COMMENT 'äº§å“id ',
  `p_code` text COMMENT 'äº§å“ç¼–ç ',
  `create_time` datetime DEFAULT NULL COMMENT 'åˆ›å»ºæ—¶é—´',
  PRIMARY KEY (`id`),
  UNIQUE KEY `company_name_uindex` (`company_id`,`cnf_name`)
) ENGINE=InnoDB DEFAULT CHARSET=utf8 COMMENT='SOPé…ç½®ä¸»è¡¨';
/*!40101 SET character_set_client = @saved_cs_client */;

--
-- Dumping data for table `tab_sop`
--

LOCK TABLES `tab_sop` WRITE;
/*!40000 ALTER TABLE `tab_sop` DISABLE KEYS */;
/*!40000 ALTER TABLE `tab_sop` ENABLE KEYS */;
UNLOCK TABLES;

--
-- Table structure for table `tab_sop_line`
--

DROP TABLE IF EXISTS `tab_sop_line`;
/*!40101 SET @saved_cs_client     = @@character_set_client */;
 SET character_set_client = utf8mb4 ;
CREATE TABLE `tab_sop_line` (
  `id` int(11) NOT NULL AUTO_INCREMENT,
  `company_id` int(11) DEFAULT NULL COMMENT 'å…¬å¸id',
  `sop_id` int(11) DEFAULT NULL COMMENT 'ä½œä¸šæŒ‡å®šæ•°idï¼Œæ–‡ä»¶å¤¹',
  `line_id` int(11) DEFAULT NULL COMMENT 'äº§çº¿id/å•å·¥ä½id',
  `pn_id` int(11) DEFAULT NULL COMMENT 'äº§å“id',
  `pn_code` varchar(145) DEFAULT NULL COMMENT 'äº§å“ç¼–ç ',
  `c_id` int(11) DEFAULT NULL COMMENT 'ä¿®æ”¹è€…id',
  `c_time` datetime DEFAULT NULL COMMENT 'ä¿®æ”¹æ—¶é—´',
  `sop_tag` int(11) DEFAULT '0' COMMENT 'sopé…ç½®æ ‡è®°(é»˜è®¤0ã€æµæ°´çº¿ï¼Œ1ã€å•å·¥ä½)',
  `w_id` int(11) DEFAULT NULL COMMENT 'å·¥ä½id',
  `page_id` int(11) DEFAULT NULL COMMENT 'é¡µid',
  `s_id` int(11) DEFAULT NULL COMMENT 'ä¸»è¡¨id',
  PRIMARY KEY (`id`),
  UNIQUE KEY `cnf_uindex` (`company_id`,`line_id`,`sop_id`,`pn_id`,`w_id`,`page_id`,`sop_tag`,`s_id`),
  KEY `q_index` (`company_id`,`line_id`,`pn_code`,`w_id`)
) ENGINE=InnoDB DEFAULT CHARSET=utf8 COMMENT='ä½œä¸šæŒ‡å¯¼ä¹¦  äº§çº¿ é…ç½®';
/*!40101 SET character_set_client = @saved_cs_client */;

--
-- Dumping data for table `tab_sop_line`
--

LOCK TABLES `tab_sop_line` WRITE;
/*!40000 ALTER TABLE `tab_sop_line` DISABLE KEYS */;
/*!40000 ALTER TABLE `tab_sop_line` ENABLE KEYS */;
UNLOCK TABLES;

--
-- Table structure for table `tab_sop_line_work`
--

DROP TABLE IF EXISTS `tab_sop_line_work`;
/*!40101 SET @saved_cs_client     = @@character_set_client */;
 SET character_set_client = utf8mb4 ;
CREATE TABLE `tab_sop_line_work` (
  `id` int(11) NOT NULL AUTO_INCREMENT COMMENT 'ä¸»é”®',
  `company_id` int(11) DEFAULT NULL COMMENT 'å…¬å¸id',
  `line_id` int(11) DEFAULT NULL COMMENT 'äº§çº¿id/è½¦é—´id',
  `sop_id` int(11) DEFAULT NULL COMMENT 'ä½œä¸šæŒ‡å¯¼ä¹¦id',
  `w_id` int(11) DEFAULT NULL COMMENT 'å·¥ä½id/å•å·¥ä½id',
  `page_id` int(11) DEFAULT NULL COMMENT 'ä½œä¸šæŒ‡å¯¼ä¹¦é¡µid',
  `c_id` int(11) DEFAULT NULL COMMENT 'ä¿®æ”¹è€…id',
  `c_time` datetime DEFAULT NULL COMMENT 'ä¿®æ”¹æ—¶é—´',
  `sop_tag` int(11) DEFAULT '0' COMMENT 'sopé…ç½®æ ‡è®°(é»˜è®¤0ã€æµæ°´çº¿ï¼Œ1ã€è½¦é—´å•å·¥ä½)',
  PRIMARY KEY (`id`),
  UNIQUE KEY `sop_sw_index` (`line_id`,`sop_id`,`w_id`,`sop_tag`,`company_id`,`page_id`)
) ENGINE=InnoDB DEFAULT CHARSET=utf8 COMMENT='äº§çº¿å·¥ä½é…ç½®æŒ‡å¯¼ä¹¦é¡µ';
/*!40101 SET character_set_client = @saved_cs_client */;

--
-- Dumping data for table `tab_sop_line_work`
--

LOCK TABLES `tab_sop_line_work` WRITE;
/*!40000 ALTER TABLE `tab_sop_line_work` DISABLE KEYS */;
/*!40000 ALTER TABLE `tab_sop_line_work` ENABLE KEYS */;
UNLOCK TABLES;

--
-- Table structure for table `tab_time_record`
--

DROP TABLE IF EXISTS `tab_time_record`;
/*!40101 SET @saved_cs_client     = @@character_set_client */;
 SET character_set_client = utf8mb4 ;
CREATE TABLE `tab_time_record` (
  `id` int(11) NOT NULL AUTO_INCREMENT COMMENT 'å…¬å¸è€ƒå‹¤è®°å½•ä¸»é”®id',
  `company_id` int(11) DEFAULT NULL COMMENT 'å…¬å¸id',
  `line_id` int(11) DEFAULT NULL COMMENT 'äº§çº¿id',
  `normal_hour` float(7,2) DEFAULT NULL COMMENT 'æ­£å¸¸å·¥æ—¶æ•°',
  `normal_number` int(11) DEFAULT NULL COMMENT 'æ­£å¸¸ç”¨å·¥äººæ•°',
  `overtime_hour` float(7,2) DEFAULT NULL COMMENT 'åŠ ç­å°æ—¶æ•°',
  `overtime_number` int(11) DEFAULT NULL COMMENT 'åŠ ç­çš„äººæ•°',
  `overtime_race` float(4,1) DEFAULT '1.5' COMMENT 'åŠ ç­å€ç‡(1.5ã€2ã€3)',
  `change_hour` float(7,2) DEFAULT NULL COMMENT 'æ‰‹åŠ¨è°ƒæ•´å·¥æ—¶',
  `record_date` date DEFAULT NULL COMMENT 'è®°å½•æ—¥æœŸå¹´æœˆæ—¥',
  `input_flag` int(11) DEFAULT '0' COMMENT 'è€ƒå‹¤ç¡®è®¤çŠ¶æ€(0ã€é»˜è®¤å€¼æœªç¡®è®¤ï¼Œ1ã€å·²ç»ç¡®è®¤)',
  PRIMARY KEY (`id`),
  UNIQUE KEY `tr_uindex` (`company_id`,`line_id`,`record_date`)
) ENGINE=InnoDB DEFAULT CHARSET=utf8 COMMENT='å…¬å¸è€ƒå‹¤è®°å½•';
/*!40101 SET character_set_client = @saved_cs_client */;

--
-- Dumping data for table `tab_time_record`
--

LOCK TABLES `tab_time_record` WRITE;
/*!40000 ALTER TABLE `tab_time_record` DISABLE KEYS */;
/*!40000 ALTER TABLE `tab_time_record` ENABLE KEYS */;
UNLOCK TABLES;

--
-- Table structure for table `tab_work_log`
--

DROP TABLE IF EXISTS `tab_work_log`;
/*!40101 SET @saved_cs_client     = @@character_set_client */;
 SET character_set_client = utf8mb4 ;
CREATE TABLE `tab_work_log` (
  `id` int(11) NOT NULL AUTO_INCREMENT COMMENT 'ä¸»é”®id',
  `company_id` int(11) DEFAULT NULL COMMENT 'å…¬å¸id',
  `work_id` int(11) DEFAULT NULL COMMENT 'å·¥å•id',
  `work_number` int(11) DEFAULT NULL COMMENT 'å·¥å•æ€»ç”Ÿäº§æ•°',
  `work_product` varchar(45) DEFAULT NULL COMMENT 'å·¥å•ç”Ÿäº§äº§å“',
  `line_id` int(11) DEFAULT NULL COMMENT 'äº§çº¿id',
  `line_name` varchar(45) DEFAULT NULL COMMENT 'äº§çº¿åç§°',
  `bz_output` int(11) DEFAULT '0' COMMENT 'æ ‡å‡†äº§é‡',
  `sj_output` int(11) DEFAULT '0' COMMENT 'å®é™…äº§é‡',
  `input_data` date DEFAULT NULL COMMENT 'å½•å…¥æ—¶é—´å¹´æœˆæ—¥',
  `input_time` datetime DEFAULT NULL COMMENT 'å½•å…¥æ—¶é—´æ—¶åˆ†ç§’æ˜¾ç¤º',
  `total_output` int(11) DEFAULT '0' COMMENT 'æ€»å…±ç”Ÿäº§äº§é‡',
  `work_code` varchar(45) DEFAULT NULL COMMENT 'å·¥å•å·',
  PRIMARY KEY (`id`)
) ENGINE=InnoDB DEFAULT CHARSET=utf8;
/*!40101 SET character_set_client = @saved_cs_client */;

--
-- Dumping data for table `tab_work_log`
--

LOCK TABLES `tab_work_log` WRITE;
/*!40000 ALTER TABLE `tab_work_log` DISABLE KEYS */;
/*!40000 ALTER TABLE `tab_work_log` ENABLE KEYS */;
UNLOCK TABLES;

--
-- Table structure for table `tab_workstation`
--

DROP TABLE IF EXISTS `tab_workstation`;
/*!40101 SET @saved_cs_client     = @@character_set_client */;
 SET character_set_client = utf8mb4 ;
CREATE TABLE `tab_workstation` (
  `id` int(11) NOT NULL AUTO_INCREMENT,
  `company_id` int(11) DEFAULT NULL COMMENT 'å…¬å¸id',
  `line_id` int(11) DEFAULT NULL COMMENT 'äº§çº¿id',
  `w_name` varchar(145) DEFAULT NULL COMMENT 'å·¥ä½åç§°',
  `sop_id` int(11) DEFAULT '0' COMMENT 'æŒ‡å¯¼ä¹¦é¡µæ•°id',
  `dev_id` int(11) DEFAULT '0' COMMENT 'è®¡æ•°å™¨id',
  `dev_code` varchar(45) DEFAULT NULL COMMENT 'è®¡æ•°å™¨ç¼–ç ',
  `c_id` int(11) DEFAULT '0' COMMENT 'çœ‹æ¿ç¡¬ä»¶id',
  `c_code` varchar(45) DEFAULT NULL COMMENT 'çœ‹æ¿ç¡¬ä»¶ç¼–ç ',
  `e_id` int(11) DEFAULT '0' COMMENT 'ECM æ‰«ææªç¡¬ä»¶id',
  `e_code` varchar(45) DEFAULT NULL COMMENT 'EMC æ‰«ç æªç¼–ç ',
  `sign` int(11) DEFAULT '0' COMMENT 'è®¡æ•°å™¨æ•°æ®åˆ¤æ–­ä¾æ®0ã€ä¸æ˜¯ 1ã€æ˜¯',
  `c_time` datetime DEFAULT NULL COMMENT 'åˆ›å»ºæ—¶é—´',
  `def_id` int(11) DEFAULT '0' COMMENT 'æ ‡è®°æ˜¯å¦éœ€è¦åˆ é™¤',
  `res_sign` varchar(45) DEFAULT '-1' COMMENT 'å¯¹åº”å·¥ä½ASOP æ›´æ–°æ ‡è®° -1ã€é»˜è®¤å€¼ 0ã€æœªæ›´æ–° 1ã€æ›´æ–°',
  PRIMARY KEY (`id`),
  KEY `line_company_index` (`company_id`,`line_id`) /*!80000 INVISIBLE */,
  KEY `line_id` (`line_id`)
) ENGINE=InnoDB DEFAULT CHARSET=utf8 COMMENT='å·¥ä½é…ç½®';
/*!40101 SET character_set_client = @saved_cs_client */;

--
-- Dumping data for table `tab_workstation`
--

LOCK TABLES `tab_workstation` WRITE;
/*!40000 ALTER TABLE `tab_workstation` DISABLE KEYS */;
/*!40000 ALTER TABLE `tab_workstation` ENABLE KEYS */;
UNLOCK TABLES;

--
-- Dumping routines for database 'upstandard'
--
/*!40103 SET TIME_ZONE=@OLD_TIME_ZONE */;

/*!40101 SET SQL_MODE=@OLD_SQL_MODE */;
/*!40014 SET FOREIGN_KEY_CHECKS=@OLD_FOREIGN_KEY_CHECKS */;
/*!40014 SET UNIQUE_CHECKS=@OLD_UNIQUE_CHECKS */;
/*!40101 SET CHARACTER_SET_CLIENT=@OLD_CHARACTER_SET_CLIENT */;
/*!40101 SET CHARACTER_SET_RESULTS=@OLD_CHARACTER_SET_RESULTS */;
/*!40101 SET COLLATION_CONNECTION=@OLD_COLLATION_CONNECTION */;
/*!40111 SET SQL_NOTES=@OLD_SQL_NOTES */;

-- Dump completed on 2019-11-25  9:52:17
